,gender,SeniorCitizen,Partner,Dependents,tenure,PhoneService,MultipleLines,InternetService,OnlineSecurity,OnlineBackup,DeviceProtection,TechSupport,StreamingTV,StreamingMovies,Contract,PaperlessBilling,PaymentMethod,MonthlyCharges,TotalCharges,Churn
0,0,0,1,0,1,0,2,1,0,1,0,0,0,0,0,1,0,446,2505,0
7,0,0,0,0,2,0,2,1,1,0,0,0,0,0,0,0,1,444,2609,0
10,1,0,1,1,5,1,0,1,1,0,0,0,0,0,0,1,1,679,4823,0
11,1,0,0,0,8,1,0,0,2,2,2,2,2,2,2,0,3,312,2836,0
18,0,0,1,1,2,1,0,1,0,0,1,1,0,0,0,0,3,767,4416,1
20,1,1,0,0,1,0,2,1,0,0,1,0,0,1,0,1,0,541,3340,1
21,1,0,1,0,4,1,0,0,2,2,2,2,2,2,1,0,2,329,1651,0
22,1,0,0,0,1,1,0,0,2,2,2,2,2,2,0,0,1,336,1609,1
27,1,0,1,1,1,0,2,1,0,1,0,0,0,0,0,0,0,452,2592,1
29,0,0,0,1,9,1,0,1,0,0,0,0,1,1,0,1,1,926,184,1
33,1,0,0,0,1,1,0,0,2,2,2,2,2,2,0,0,2,337,1610,0
34,1,1,0,0,1,1,0,1,0,0,0,0,0,0,0,0,2,614,3815,0
39,0,0,0,0,3,1,1,2,0,0,1,0,1,1,0,1,2,1543,202,1
40,1,0,1,1,2,1,0,1,0,1,0,0,0,0,1,0,1,671,4024,0
42,0,0,1,1,9,1,0,0,2,2,2,2,2,2,1,0,1,348,3572,0
44,0,0,1,0,5,1,1,1,1,1,0,1,1,0,0,1,0,1135,6503,0
51,0,0,0,0,7,1,0,2,1,1,0,0,1,1,0,1,3,1567,789,1
55,1,1,0,0,10,1,1,2,0,0,0,0,1,1,0,1,0,1501,1274,1
63,0,0,1,1,10,1,0,1,0,0,1,1,0,0,1,1,3,751,6459,0
69,1,0,0,0,2,1,0,2,1,0,1,0,0,0,0,1,1,1201,6290,0
70,1,0,0,0,1,1,0,1,0,0,0,1,0,0,0,0,1,661,4137,0
80,0,0,0,1,1,1,0,2,0,0,0,0,1,0,0,1,0,1191,5966,1
81,0,0,1,1,3,0,2,1,1,0,0,0,1,1,0,0,0,691,4676,0
91,1,1,0,0,1,1,0,2,0,0,0,1,0,0,0,0,0,1105,5723,0
95,0,0,0,0,4,1,1,2,1,0,0,0,0,0,0,1,0,1183,6384,1
100,1,0,0,0,1,1,0,0,2,2,2,2,2,2,0,0,1,337,1610,0
101,0,0,1,1,1,1,0,0,2,2,2,2,2,2,0,0,0,322,1483,0
117,0,0,1,1,2,1,1,2,1,0,0,0,1,1,0,1,0,5,124,1
128,1,0,0,0,1,1,0,0,2,2,2,2,2,2,0,0,1,328,1489,0
130,0,0,0,0,5,1,1,2,0,0,0,0,0,1,0,1,0,1318,394,0
133,1,0,0,0,1,0,2,1,0,0,0,0,0,1,0,1,0,502,3032,1
139,0,1,1,0,1,1,0,2,0,0,0,0,0,0,0,1,1,1028,5510,1
147,1,0,0,0,1,1,0,1,0,0,0,0,0,0,0,1,0,622,3821,1
149,1,0,1,1,7,1,0,1,0,1,1,1,0,1,0,1,1,1009,141,0
155,0,0,1,1,6,1,0,2,0,0,0,0,0,1,0,1,2,1222,290,0
158,1,0,1,1,8,1,0,1,1,0,1,0,1,0,2,0,1,917,51,0
159,1,0,0,0,2,1,1,0,2,2,2,2,2,2,2,0,2,410,2166,0
160,0,0,0,1,5,1,0,1,1,1,0,0,0,0,0,1,0,783,5845,0
164,0,0,1,1,3,1,0,0,2,2,2,2,2,2,1,0,1,345,1966,0
169,0,0,1,1,8,1,0,0,2,2,2,2,2,2,0,0,0,341,2790,0
172,1,0,1,0,6,1,0,1,0,1,1,1,1,1,2,0,1,1243,339,0
176,0,1,0,0,7,1,1,2,0,0,0,0,0,0,0,1,1,1100,277,1
178,0,0,1,1,7,1,1,2,0,1,1,0,1,1,0,1,2,101,1001,0
180,0,0,0,0,1,0,2,1,0,1,0,0,0,0,0,0,2,448,2507,1
181,0,0,0,0,1,1,0,1,0,0,0,0,0,0,0,0,1,615,3816,0
184,0,0,0,0,5,1,0,2,0,1,1,0,0,0,0,1,0,1189,216,1
185,0,0,1,0,1,0,2,1,0,0,0,0,0,0,0,1,0,392,2044,1
188,0,0,0,0,5,1,0,0,2,2,2,2,2,2,1,0,0,326,2090,0
199,1,0,0,1,1,1,0,0,2,2,2,2,2,2,0,0,1,348,1621,0
201,0,0,0,0,6,1,0,2,0,1,0,1,0,0,0,1,3,1205,218,0
203,1,0,0,1,5,1,0,2,0,0,0,0,1,0,0,1,3,1170,72,0
207,1,0,0,0,1,1,0,2,0,0,0,0,0,1,0,0,0,1202,5974,1
208,0,0,0,0,11,1,0,2,1,0,1,1,1,1,0,1,0,126,1536,1
211,0,0,0,0,1,0,2,1,0,0,0,0,0,0,0,0,0,401,2152,0
222,1,0,1,1,1,1,0,0,2,2,2,2,2,2,1,1,0,337,1610,0
224,0,0,0,0,4,1,0,0,2,2,2,2,2,2,1,1,2,320,1807,0
227,0,0,1,0,1,1,0,1,0,0,0,0,1,0,0,0,1,767,4560,1
232,1,0,0,0,1,1,0,2,1,0,0,0,0,1,0,1,1,1291,6175,1
236,0,0,0,0,2,0,2,1,0,0,0,1,0,0,2,1,1,441,2583,0
237,1,0,1,0,10,1,1,2,0,0,0,0,0,0,0,1,0,1075,561,0
238,0,1,0,0,3,1,0,2,0,1,0,0,1,1,0,1,0,1492,231,1
239,1,0,0,0,8,1,0,0,2,2,2,2,2,2,2,0,1,328,2456,0
244,0,1,0,0,5,1,0,1,0,1,1,0,0,0,0,1,0,759,5674,0
247,1,1,0,0,7,1,0,2,0,1,0,0,0,0,0,1,0,1099,146,1
248,1,0,0,0,1,1,0,1,1,0,0,0,0,0,0,1,1,651,4051,1
252,1,1,1,0,1,0,2,1,0,1,0,0,1,0,0,0,0,550,3414,1
254,1,0,0,0,2,1,0,0,2,2,2,2,2,2,0,1,1,330,1529,0
261,1,1,0,0,5,1,1,2,0,1,1,0,1,1,0,1,0,132,660,1
267,0,1,0,0,11,1,0,2,1,1,0,1,1,1,0,1,1,94,1633,0
270,0,1,0,0,8,1,0,2,0,0,0,1,1,1,0,1,0,1481,930,1
272,1,0,0,0,1,0,2,1,0,0,0,0,0,0,0,0,2,392,2044,1
274,1,0,0,0,1,1,0,2,0,0,0,0,0,0,0,0,1,1031,5513,1
278,1,0,0,0,6,0,2,1,0,0,1,1,1,1,0,1,0,763,5873,0
281,0,0,0,0,2,1,0,1,0,1,0,0,0,0,0,0,0,704,4212,0
282,0,0,0,1,1,1,1,0,2,2,2,2,2,2,0,0,1,404,2155,0
284,1,0,1,1,10,1,0,2,0,0,1,0,1,1,0,0,1,1495,1306,1
287,1,0,1,0,1,1,0,2,0,0,0,0,0,0,0,0,0,1019,5501,1
289,1,0,0,0,2,1,0,1,0,0,0,0,0,0,0,1,3,606,3698,1
294,0,0,0,0,4,1,0,0,2,2,2,2,2,2,0,0,1,327,1823,0
295,1,0,0,0,1,1,0,0,2,2,2,2,2,2,0,0,1,338,1611,0
299,0,0,0,1,1,1,0,2,1,0,0,0,0,0,0,1,1,1083,5668,1
310,0,0,0,0,1,1,0,0,2,2,2,2,2,2,0,1,2,318,1480,0
322,1,0,0,0,1,1,0,1,0,0,0,0,0,0,0,1,0,605,3748,0
326,0,1,1,0,3,1,0,2,0,0,0,1,1,0,0,1,0,1258,6284,0
329,0,1,0,0,9,1,1,2,0,0,1,0,0,0,0,1,3,1254,869,0
345,0,1,0,0,1,1,1,2,0,0,0,0,0,0,0,1,0,1059,5622,0
351,1,0,0,1,9,1,0,1,0,0,0,0,0,0,1,0,1,601,5385,0
355,0,0,0,0,2,1,0,2,0,0,0,0,0,1,0,1,2,1209,6194,1
356,0,1,0,0,8,1,1,1,1,0,0,0,0,0,0,1,0,745,6293,0
364,1,0,0,0,10,1,0,2,0,0,0,1,0,0,0,1,2,1129,673,0
367,0,0,0,0,1,1,0,0,2,2,2,2,2,2,0,0,1,316,1478,0
376,1,0,0,0,1,0,2,1,0,0,0,0,0,0,0,0,1,403,2154,0
379,1,0,0,0,9,1,1,2,0,0,1,1,0,0,1,0,0,1334,751,0
381,1,0,0,0,1,1,0,1,0,1,0,0,0,0,0,0,1,693,4232,1
383,1,0,0,0,1,1,1,2,0,1,0,0,0,1,0,1,3,1414,6327,1
385,1,1,1,0,3,1,0,0,2,2,2,2,2,2,0,0,1,332,1761,1
389,1,0,0,1,1,1,0,1,0,0,0,0,0,0,0,0,0,589,3734,0
393,0,0,0,0,11,1,0,0,2,2,2,2,2,2,0,0,1,331,3164,0
401,0,0,0,0,3,1,0,0,2,2,2,2,2,2,1,0,3,334,2010,0
408,0,0,0,0,1,1,0,0,2,2,2,2,2,2,0,1,1,331,1492,1
409,1,0,0,0,1,1,0,0,2,2,2,2,2,2,0,1,1,325,1486,1
415,0,0,1,1,8,1,0,2,0,1,0,0,0,0,0,0,2,1077,364,0
419,0,1,0,0,1,1,0,2,0,0,1,0,0,0,0,1,2,1117,5769,1
424,0,0,0,0,2,0,2,1,1,1,1,0,0,0,0,0,2,559,3805,0
427,0,0,1,1,2,1,1,2,0,0,0,0,0,1,0,0,0,1318,6237,0
428,1,0,0,0,10,1,1,2,0,0,0,0,0,0,0,1,2,1123,720,0
433,1,0,0,0,4,1,0,1,0,0,0,0,0,0,0,1,2,617,4345,1
439,1,0,0,0,1,1,0,1,0,0,1,1,0,0,0,0,1,764,4559,0
440,0,0,1,1,8,1,1,2,1,0,1,1,1,1,0,1,0,232,1456,0
443,0,0,0,1,10,1,1,1,1,0,0,0,0,1,0,0,0,928,311,0
446,0,0,0,0,1,1,0,2,0,0,0,0,0,0,0,0,1,1010,5447,1
459,1,0,0,0,1,1,1,2,0,0,0,0,0,0,0,1,0,1113,5768,0
469,0,0,1,1,5,1,0,1,0,0,0,0,0,1,0,0,0,782,5689,1
470,0,1,0,0,9,1,0,0,2,2,2,2,2,2,1,0,1,346,2867,0
471,1,0,0,0,1,1,0,1,0,0,0,0,0,1,0,1,0,763,4558,1
474,0,0,1,1,1,1,0,2,0,1,0,0,0,0,0,1,0,1105,5723,1
479,0,0,0,1,7,1,0,2,0,0,0,0,0,0,0,0,2,999,6520,1
480,1,0,1,1,3,1,0,0,2,2,2,2,2,2,2,0,1,326,1887,0
486,0,0,0,0,7,1,1,2,0,1,0,0,1,1,0,1,0,3,763,0
488,0,0,1,1,0,0,2,1,1,0,1,1,1,0,2,1,2,723,0,0
489,1,0,0,1,1,1,1,2,0,0,0,0,0,0,0,1,0,1098,5718,1
494,1,0,0,0,1,1,0,0,2,2,2,2,2,2,0,0,1,341,1614,0
499,0,0,0,0,4,1,1,2,1,1,1,0,0,1,0,1,2,1579,436,1
506,1,0,0,1,3,1,1,2,0,0,1,0,0,0,0,1,1,1164,6217,0
509,0,0,0,0,1,1,0,0,2,2,2,2,2,2,0,0,1,330,1491,0
519,1,0,0,0,4,1,0,0,2,2,2,2,2,2,0,0,3,334,2296,0
534,0,0,0,0,1,1,1,2,0,0,0,0,0,1,0,1,0,1299,6206,1
535,1,0,0,0,4,1,1,2,0,0,1,0,1,0,0,1,0,1388,42,0
541,0,0,0,0,3,1,1,1,0,0,0,0,0,1,0,1,1,827,4922,0
542,0,0,0,0,1,1,0,0,2,2,2,2,2,2,0,0,1,324,1485,0
543,1,0,0,0,2,1,1,2,0,0,0,0,1,0,0,1,2,1320,6154,1
544,1,0,0,0,5,0,2,1,1,0,0,1,1,0,0,1,3,620,4892,1
549,1,0,0,0,7,1,0,0,2,2,2,2,2,2,0,0,1,328,2705,0
556,0,0,0,0,1,1,0,0,2,2,2,2,2,2,0,0,2,331,1492,0
558,1,0,0,0,3,1,0,2,0,0,0,0,0,0,0,0,0,1023,5827,0
559,1,0,0,0,1,1,0,1,0,0,0,1,0,0,0,1,0,666,4139,0
566,1,0,1,1,7,1,0,2,1,0,0,1,1,1,1,0,0,36,1151,0
569,0,0,0,0,3,0,2,1,0,1,1,1,0,0,1,1,3,554,3603,0
572,0,0,0,0,3,1,0,1,0,0,1,1,0,1,1,0,3,930,5483,0
580,0,0,1,1,4,1,0,0,2,2,2,2,2,2,0,0,1,313,1963,1
581,0,0,0,0,1,1,0,2,1,0,0,0,0,0,0,0,1,1117,5769,1
583,0,0,1,1,1,1,0,0,2,2,2,2,2,2,0,1,1,313,1475,0
585,0,1,0,0,1,1,1,2,0,0,0,0,1,0,0,1,0,1313,6213,1
594,1,0,0,0,1,1,0,1,0,0,0,0,0,0,0,0,1,621,3820,0
595,0,0,0,0,4,1,1,1,1,0,1,1,0,0,0,1,1,880,5593,1
596,1,0,0,0,8,0,2,1,1,1,1,1,1,0,2,0,1,760,6357,0
600,1,0,0,0,8,1,0,2,0,0,0,1,0,0,0,1,3,1102,318,0
615,0,0,0,0,7,1,1,1,0,0,0,0,0,0,0,0,1,657,5101,0
620,1,1,1,1,2,0,2,1,0,0,0,0,0,1,0,1,2,486,3129,0
633,1,0,0,0,2,1,0,0,2,2,2,2,2,2,1,0,1,340,1285,0
639,1,0,1,0,2,1,1,2,0,0,0,0,0,1,0,1,0,1304,6228,1
642,1,0,0,0,1,1,0,2,0,0,0,0,1,1,0,1,0,1388,6302,1
644,0,0,1,1,7,1,1,0,2,2,2,2,2,2,0,1,0,401,3367,0
646,1,0,0,0,1,1,0,1,0,0,0,0,0,0,0,1,1,623,3822,1
651,0,0,0,0,1,1,0,2,0,0,1,0,0,0,0,1,1,1103,5722,1
653,0,0,0,0,9,1,1,0,2,2,2,2,2,2,0,0,1,392,4023,0
655,1,0,0,0,2,1,0,2,0,0,0,1,1,1,0,1,3,1494,6252,0
661,0,0,0,0,2,1,0,1,0,0,0,0,0,0,0,0,1,614,3642,0
662,1,0,0,0,1,1,0,0,2,2,2,2,2,2,0,0,1,334,1607,0
672,0,0,0,0,1,1,1,2,0,0,0,0,0,0,0,1,1,1112,5767,1
680,1,0,1,1,1,1,0,2,0,0,0,0,0,1,0,0,0,1204,6013,1
684,0,0,0,0,1,1,0,2,0,0,0,0,0,0,0,0,1,1041,5565,0
685,0,0,0,0,1,1,0,1,0,0,0,1,0,0,0,1,0,678,4147,0
690,1,0,0,0,1,1,0,0,2,2,2,2,2,2,0,1,1,342,1615,0
695,0,0,1,0,1,1,0,0,2,2,2,2,2,2,0,1,1,346,1619,0
710,1,0,0,0,1,1,0,0,2,2,2,2,2,2,0,0,1,324,1485,1
713,0,0,0,1,6,1,1,2,1,0,0,1,0,0,0,1,1,1319,306,0
742,1,0,0,0,2,1,1,2,1,0,0,0,1,1,0,0,0,1557,17,1
753,1,0,0,1,0,1,0,0,2,2,2,2,2,2,2,0,1,338,0,0
758,0,0,0,1,7,1,0,2,0,1,0,0,0,1,0,1,2,1317,494,1
760,1,0,0,0,1,1,0,0,2,2,2,2,2,2,0,0,1,349,1622,0
765,0,0,0,0,3,0,2,1,0,0,0,0,1,0,0,1,1,509,3138,0
767,1,0,0,0,6,1,0,0,2,2,2,2,2,2,1,0,2,341,2389,0
769,1,0,1,0,9,1,0,1,1,1,0,0,0,1,1,0,1,928,327,0
770,1,0,0,0,3,1,0,0,2,2,2,2,2,2,0,1,3,342,2008,0
771,1,0,0,0,7,1,1,2,0,0,0,0,1,1,0,1,0,1459,825,1
772,0,0,0,0,1,1,0,0,2,2,2,2,2,2,0,0,1,331,1492,1
783,0,0,0,0,1,1,0,1,0,0,0,1,0,0,0,1,0,720,4355,1
798,0,0,1,1,1,1,0,0,2,2,2,2,2,2,0,0,0,333,1606,0
801,0,0,0,0,2,1,1,2,0,0,0,1,1,1,0,1,0,1556,112,1
806,1,0,0,0,10,1,0,1,0,0,1,1,0,0,0,0,3,767,111,0
809,1,0,0,0,1,1,0,2,0,0,0,0,0,0,0,1,0,1010,5447,1
825,0,0,1,1,8,1,0,2,0,1,1,0,1,0,0,1,3,1386,798,1
827,0,0,1,1,6,1,1,0,2,2,2,2,2,2,0,0,1,407,3204,0
837,1,0,0,0,1,1,0,1,0,0,0,0,0,0,0,0,1,597,3741,1
842,0,0,1,1,4,1,0,0,2,2,2,2,2,2,1,0,2,329,1932,1
843,0,0,0,0,5,0,2,1,1,0,0,0,0,0,0,1,2,462,3366,0
844,1,0,0,0,1,1,0,2,0,0,0,0,1,1,0,1,0,1395,6304,1
845,0,0,1,1,7,1,0,0,2,2,2,2,2,2,1,0,1,344,2549,0
847,0,0,1,1,4,0,2,1,1,0,0,1,0,0,1,0,3,470,3768,0
857,1,0,0,0,1,1,0,1,0,1,0,0,0,0,0,0,0,696,4235,1
876,0,0,0,0,7,1,0,2,1,0,1,1,1,1,0,0,0,96,1035,1
880,1,0,0,0,2,1,0,2,1,1,1,1,1,1,0,1,0,190,83,1
885,1,0,0,0,1,1,0,0,2,2,2,2,2,2,0,1,1,334,1607,0
893,0,0,0,0,1,0,2,1,0,0,0,0,0,0,0,0,0,388,2041,1
898,0,0,0,0,4,1,0,2,1,0,0,1,1,1,0,1,2,1564,232,1
902,1,0,0,0,9,1,0,2,1,0,0,0,1,1,0,0,0,1469,1097,1
907,1,0,0,0,11,1,0,1,0,1,0,1,0,1,1,1,2,939,423,0
910,1,1,0,0,2,1,0,2,0,1,0,0,0,0,0,1,0,1069,5428,1
911,0,1,0,0,7,1,1,2,0,1,0,0,1,0,0,0,3,1377,524,0
913,1,0,0,0,4,1,0,0,2,2,2,2,2,2,1,0,3,334,2322,0
915,1,1,1,0,1,1,1,2,0,0,0,0,0,0,0,1,0,1082,5667,1
921,1,0,0,0,4,1,0,0,2,2,2,2,2,2,0,0,1,342,2204,0
922,1,0,1,0,8,1,1,2,0,0,0,0,0,0,0,1,0,1119,350,0
927,0,0,0,0,5,1,0,2,0,1,1,0,0,0,0,1,0,1227,6451,1
930,0,0,0,0,8,1,0,2,0,1,0,0,0,0,0,0,2,1113,389,0
934,0,0,0,0,4,0,2,1,1,0,0,1,0,0,1,1,1,474,3699,0
936,0,0,1,1,0,1,0,1,1,1,1,0,1,1,2,0,1,1221,0,0
939,0,0,0,0,7,1,0,0,2,2,2,2,2,2,0,0,1,331,2782,0
941,0,0,0,1,5,0,2,1,0,1,0,0,0,0,0,0,0,451,3271,0
953,0,0,0,0,7,1,0,1,1,0,1,1,0,0,0,0,0,827,6455,0
955,1,0,1,0,1,1,0,1,0,0,0,0,0,0,0,0,3,603,3746,1
961,1,0,0,0,9,1,0,0,2,2,2,2,2,2,1,1,1,343,3156,0
964,1,0,0,0,1,1,0,1,0,0,0,0,0,0,0,1,1,623,3822,1
970,0,0,0,0,1,1,0,2,0,0,0,0,1,1,0,0,0,1408,6324,1
976,1,0,0,0,1,1,0,2,0,0,0,0,0,0,0,1,0,1017,5454,1
977,0,0,0,0,3,1,1,2,0,0,0,0,0,0,0,0,0,1116,6291,0
983,1,0,0,0,1,1,1,2,0,0,0,0,0,1,0,1,0,1331,6242,1
986,0,0,0,0,4,1,0,1,0,0,0,0,0,0,0,0,2,585,4494,0
987,1,0,0,0,1,1,0,0,2,2,2,2,2,2,0,0,2,328,1489,0
993,0,0,1,1,2,1,1,0,2,2,2,2,2,2,2,0,3,418,1884,0
994,1,0,0,0,5,1,0,0,2,2,2,2,2,2,2,0,3,333,2331,0
1006,0,0,0,0,10,1,1,2,0,0,0,1,0,1,0,1,0,1399,1075,1
1013,0,0,0,0,1,1,0,1,0,1,0,0,0,0,0,0,0,670,4140,0
1014,1,0,1,1,10,1,0,1,0,0,1,0,0,1,0,0,0,805,6515,1
1015,1,0,1,1,4,1,0,1,0,0,0,0,0,1,1,0,3,736,5480,1
1037,0,0,0,0,5,0,2,1,0,0,1,0,1,1,0,0,0,663,5204,0
1040,1,1,0,0,6,1,0,2,0,0,0,0,1,1,0,0,3,1406,485,1
1041,0,0,0,1,8,1,0,0,2,2,2,2,2,2,1,1,2,319,3117,0
1042,0,0,1,1,6,1,0,2,0,0,0,0,0,0,0,0,0,1023,90,0
1049,0,0,0,0,1,1,0,0,2,2,2,2,2,2,0,0,1,326,1487,1
1050,1,1,0,0,4,0,2,1,0,0,1,1,0,1,0,1,0,582,4401,1
1051,0,0,1,1,8,0,2,1,0,0,0,0,0,1,0,1,3,503,4585,0
1057,0,0,0,0,2,1,0,2,1,0,0,0,1,0,0,1,1,1293,6146,1
1063,1,0,0,0,2,1,0,1,1,0,0,1,1,0,0,0,2,888,4996,0
1064,0,0,0,0,6,1,0,1,1,0,0,1,0,0,1,0,1,777,5994,0
1074,1,0,0,0,1,1,0,0,2,2,2,2,2,2,0,0,1,355,1730,0
1082,1,0,1,1,0,1,1,0,2,2,2,2,2,2,2,0,1,411,0,0
1085,0,1,0,0,5,1,0,2,0,0,1,0,0,0,0,1,0,1097,6425,1
1086,0,1,0,0,3,1,0,2,0,0,0,0,1,1,0,0,2,1391,91,1
1088,1,1,1,0,9,1,1,2,0,0,1,0,1,1,0,1,3,9,1093,1
1089,0,0,0,0,8,1,1,2,0,0,0,0,0,0,0,1,3,1106,246,0
1095,1,0,0,0,1,1,0,2,0,0,0,0,1,0,0,1,0,1215,6021,0
1100,1,0,0,1,7,1,1,0,2,2,2,2,2,2,0,1,0,392,2816,0
1122,0,0,0,0,11,0,2,1,0,0,0,0,1,1,1,1,3,606,6313,1
1124,1,0,0,0,4,1,0,1,0,1,0,0,0,0,0,1,2,661,4861,0
1131,0,0,1,0,6,1,1,1,1,0,0,0,1,0,0,1,2,926,6426,1
1132,0,1,1,0,3,1,1,2,0,0,1,1,1,1,0,1,2,75,261,1
1138,1,0,1,1,3,1,1,1,1,0,0,0,1,0,0,1,2,935,5634,0
1139,1,1,1,0,6,1,0,0,2,2,2,2,2,2,1,0,1,326,1919,0
1140,0,0,0,1,5,1,1,1,1,1,1,1,1,1,2,0,3,1376,304,0
1142,1,1,1,1,3,1,1,2,0,0,0,0,0,0,0,1,3,1115,5890,0
1143,1,0,1,0,10,1,1,1,0,1,0,0,0,0,0,0,3,799,147,0
1144,1,0,0,0,1,0,2,1,0,0,0,0,0,1,0,1,0,504,3033,1
1149,1,0,1,1,5,1,0,2,0,0,1,0,1,1,0,1,1,1524,305,1
1151,0,0,0,0,1,1,0,0,2,2,2,2,2,2,0,0,0,310,1343,0
1161,1,0,0,1,1,0,2,1,0,1,0,0,0,0,0,1,1,468,2697,1
1163,0,0,0,0,4,1,1,2,0,1,0,0,1,0,0,1,2,1392,102,1
1168,1,0,1,1,1,1,0,0,2,2,2,2,2,2,1,0,1,326,1487,0
1173,1,0,0,0,1,1,0,0,2,2,2,2,2,2,0,1,0,330,1491,1
1174,0,0,0,0,6,1,1,1,0,1,0,0,0,0,1,1,1,748,5884,0
1175,0,0,0,0,5,1,1,2,1,0,0,0,0,0,0,1,3,1204,61,0
1178,1,0,0,0,7,1,0,2,0,0,1,1,1,1,0,1,0,26,993,1
1184,1,0,1,1,10,1,0,2,1,0,1,0,1,0,0,1,1,1355,908,0
1185,0,0,0,0,1,1,1,1,0,0,0,0,0,1,0,1,0,850,4912,1
1194,0,0,0,0,6,1,0,1,0,1,0,0,0,0,0,0,0,689,5848,0
1197,1,0,1,0,7,1,0,0,2,2,2,2,2,2,0,1,3,322,2948,0
1199,0,0,1,0,9,1,1,2,1,0,0,0,0,0,0,0,0,1182,637,0
1201,0,0,0,0,4,1,0,1,0,1,0,0,0,0,0,1,0,668,4991,0
1204,1,0,1,1,10,0,2,1,0,0,0,0,0,0,0,0,3,407,3953,0
1205,1,0,0,0,1,1,1,2,0,0,0,0,0,0,0,1,0,1109,5724,1
1208,0,0,0,0,1,1,0,2,0,0,0,0,1,0,0,1,0,1209,6017,1
1210,1,0,1,1,9,1,0,2,0,0,0,0,0,0,0,1,0,999,284,1
1211,0,0,1,1,3,1,1,1,0,0,0,1,0,1,0,1,0,958,5729,1
1214,1,0,0,0,11,1,1,2,0,0,0,0,0,1,0,1,2,1319,961,1
1220,1,0,0,0,9,1,1,1,1,0,0,0,0,1,0,0,2,947,215,0
1224,1,0,1,1,1,1,0,1,0,0,0,0,0,0,0,1,1,626,3825,1
1225,0,0,1,0,8,0,2,1,0,0,0,1,1,1,0,1,0,679,6061,1
1237,1,0,0,0,5,1,0,0,2,2,2,2,2,2,1,0,1,322,2348,0
1238,0,1,0,0,8,1,1,2,0,0,0,0,1,1,0,1,0,1515,952,1
1243,1,0,0,0,1,1,0,1,0,0,0,0,0,0,0,0,0,615,3816,1
1244,0,0,0,0,7,1,0,0,2,2,2,2,2,2,0,0,2,321,2494,1
1248,0,0,0,0,3,1,1,2,0,0,0,1,1,0,0,0,0,1400,6506,1
1249,1,0,0,0,1,1,0,1,0,0,0,0,0,0,0,0,1,610,3811,1
1251,0,0,0,0,1,1,0,2,0,1,0,0,0,0,0,0,0,1127,5777,1
1252,1,0,0,0,1,1,0,0,2,2,2,2,2,2,0,0,0,322,1483,0
1262,0,0,1,0,4,1,0,1,0,1,0,0,0,0,0,1,0,705,4995,0
1282,1,0,0,0,1,1,0,1,0,0,0,0,1,1,0,1,1,895,5042,0
1286,0,0,0,0,1,1,0,1,0,0,1,1,1,1,1,0,3,1093,5714,0
1299,0,0,1,0,3,1,0,1,0,0,0,0,0,0,0,1,0,590,4080,1
1304,1,1,1,0,7,1,1,2,0,0,0,0,0,1,0,1,2,1311,627,1
1308,1,1,0,0,8,1,1,2,0,0,0,0,1,0,0,1,0,1331,514,1
1309,0,0,0,0,10,1,1,2,0,0,0,0,1,0,0,1,0,1303,992,1
1315,0,0,1,1,3,1,0,0,2,2,2,2,2,2,2,0,3,351,1652,0
1319,1,0,0,1,1,1,0,0,2,2,2,2,2,2,0,1,1,322,1483,1
1322,0,0,1,0,2,1,0,0,2,2,2,2,2,2,0,1,2,332,1443,0
1325,0,1,0,0,1,1,0,2,0,0,0,0,0,0,0,1,0,1004,5443,1
1331,0,0,0,0,1,0,2,1,0,0,0,0,0,0,0,1,1,399,2150,0
1334,0,1,0,0,1,0,2,1,0,0,0,0,0,0,0,1,0,400,2151,1
1336,0,0,1,0,7,1,0,2,0,1,0,0,0,0,0,0,2,1118,220,0
1338,1,0,0,0,1,1,0,0,2,2,2,2,2,2,0,0,1,336,1609,1
1340,0,0,1,1,0,0,2,1,1,1,1,1,1,0,2,0,3,784,0,0
1346,0,0,1,1,6,1,1,2,0,0,1,0,0,1,0,1,0,1344,471,1
1347,1,0,0,0,11,1,0,0,2,2,2,2,2,2,2,1,1,332,3213,0
1348,1,0,1,0,2,1,0,2,0,0,0,0,1,0,0,1,0,1203,6233,1
1351,1,0,1,1,3,1,0,0,2,2,2,2,2,2,0,1,0,342,2162,0
1354,0,0,0,0,10,1,1,2,0,0,0,1,1,0,0,1,0,1364,1111,1
1358,1,0,0,0,2,1,0,2,0,0,0,0,0,0,0,0,1,1022,5695,0
1360,0,1,0,0,5,1,1,2,0,0,0,0,1,1,0,1,0,1493,530,1
1366,1,0,1,0,2,1,1,2,0,0,0,0,1,0,0,1,0,1311,6079,1
1371,0,1,0,0,1,1,0,2,0,0,0,0,1,0,0,1,0,1188,5964,1
1373,1,0,0,1,1,1,0,0,2,2,2,2,2,2,0,0,1,330,1491,0
1383,0,0,0,0,1,1,1,1,0,0,0,0,0,0,0,1,2,679,4148,1
1388,0,0,1,1,4,1,0,1,0,0,1,0,1,0,0,1,3,816,5728,0
1393,0,0,0,0,1,1,0,0,2,2,2,2,2,2,0,0,1,340,1613,0
1399,0,0,1,1,6,1,0,0,2,2,2,2,2,2,1,0,1,324,2543,0
1402,0,0,0,1,10,0,2,1,0,0,0,0,0,1,0,1,0,493,4591,1
1405,0,0,0,0,1,1,1,2,0,0,0,0,0,0,0,0,0,1131,5820,1
1412,0,0,1,0,7,1,0,2,0,0,1,0,1,0,0,1,0,1285,565,1
1417,0,1,0,0,10,1,0,1,0,1,0,0,0,0,0,1,3,677,6254,0
1423,1,0,1,0,7,1,1,2,0,0,1,0,1,1,0,1,0,22,913,1
1425,1,0,1,0,4,1,0,1,0,0,1,1,1,1,0,1,0,1094,5732,0
1428,1,0,0,0,1,1,1,1,0,0,0,0,0,0,0,1,0,689,4228,1
1434,1,0,0,0,4,1,1,2,0,0,0,1,1,1,0,1,1,1584,260,1
1446,1,0,0,1,1,1,1,1,0,0,0,0,0,0,0,1,0,681,4224,0
1451,1,0,0,0,10,1,1,1,1,0,1,0,1,0,0,0,1,1009,368,0
1456,0,0,1,0,8,1,1,2,0,1,0,0,1,1,0,1,0,0,964,1
1458,1,0,0,0,1,1,0,0,2,2,2,2,2,2,0,0,0,344,1617,1
1465,1,0,1,1,1,1,0,2,0,1,0,0,0,0,0,0,3,1103,5722,0
1466,1,0,1,1,4,1,0,1,1,0,0,0,0,0,0,1,0,664,4712,0
1472,1,0,1,1,5,1,1,2,0,0,0,0,0,0,0,1,3,1099,6315,1
1482,0,1,0,0,5,1,0,2,0,0,1,0,1,1,0,1,0,1528,431,0
1488,1,0,0,0,1,1,0,1,1,0,0,0,0,0,0,0,1,705,4302,0
1491,0,0,0,0,1,1,0,0,2,2,2,2,2,2,0,0,1,324,1485,0
1492,1,1,0,0,11,1,1,2,0,1,0,0,1,0,0,1,0,1361,1297,1
1493,1,0,0,0,3,1,0,2,1,0,1,0,0,0,0,1,2,1194,5995,0
1498,1,1,0,0,7,1,1,2,0,0,0,0,0,0,0,0,0,1124,279,1
1501,1,0,0,0,5,1,0,0,2,2,2,2,2,2,2,0,1,332,2078,0
1504,0,0,0,0,10,1,0,2,0,0,0,0,0,0,0,1,0,1041,451,0
1505,1,1,0,0,1,1,1,2,0,0,0,0,0,0,0,1,0,1105,5723,1
1509,1,0,0,0,9,1,0,2,0,0,1,0,0,0,0,1,0,1144,576,1
1512,0,0,1,1,6,1,1,2,0,0,0,0,1,0,0,1,0,1295,373,0
1513,0,1,0,0,1,0,2,1,0,0,0,0,0,0,0,1,1,412,2158,1
1516,0,0,1,0,9,1,1,2,0,0,0,0,1,1,0,0,0,1447,1028,0
1528,0,0,0,0,11,1,0,1,0,0,0,0,0,1,0,1,0,787,186,0
1532,1,0,0,0,6,1,0,0,2,2,2,2,2,2,0,0,3,325,2595,0
1533,0,0,0,0,6,1,0,2,0,0,1,0,0,0,0,0,0,1118,56,1
1549,1,0,0,0,1,1,0,1,0,0,0,0,0,0,0,1,1,626,3825,1
1556,0,0,0,0,1,1,0,2,0,1,0,1,1,0,0,0,0,1431,6347,1
1557,1,0,0,0,4,1,1,1,1,1,0,1,0,0,0,1,0,970,6147,0
1558,0,0,0,0,8,1,1,2,0,1,1,0,0,1,0,1,3,1504,996,1
1561,1,0,0,0,1,1,1,2,0,0,0,0,0,0,0,1,0,1110,5725,1
1564,1,1,0,0,2,1,1,2,0,0,0,0,1,1,0,1,0,1499,6318,1
1567,0,0,1,0,2,1,0,1,0,0,1,0,1,1,0,1,3,978,5223,0
1568,1,1,0,0,3,1,1,2,0,1,1,1,1,1,0,1,0,213,341,0
1569,0,0,1,1,7,1,0,1,0,0,0,0,0,0,0,0,0,634,5151,0
1571,1,0,0,1,1,1,0,0,2,2,2,2,2,2,0,0,1,334,1607,0
1574,0,0,0,1,7,1,0,0,2,2,2,2,2,2,1,0,1,326,2349,0
1577,0,0,1,1,9,1,0,2,0,0,1,1,1,1,1,0,2,1558,1203,1
1579,1,1,1,0,4,1,0,2,0,0,0,0,0,1,0,1,0,1213,6448,1
1591,1,0,0,0,9,1,0,0,2,2,2,2,2,2,0,0,3,355,3296,0
1600,1,1,0,0,1,1,1,2,0,0,1,0,1,0,0,1,0,1373,6283,1
1603,0,0,0,0,7,1,1,1,1,0,0,0,0,1,0,1,2,925,6519,1
1607,1,1,1,0,5,1,0,2,0,1,0,1,0,1,0,1,2,1378,314,1
1608,1,0,0,0,9,1,0,0,2,2,2,2,2,2,1,1,1,335,2417,0
1627,1,0,0,0,3,1,0,2,0,1,0,0,0,0,0,1,1,1129,6257,0
1631,0,1,1,0,9,1,1,2,1,0,1,0,0,0,0,1,2,1306,857,1
1633,0,0,0,0,1,1,0,1,0,0,0,0,0,0,0,0,0,585,3659,0
1639,1,1,0,0,9,1,0,1,0,0,0,0,0,0,0,1,0,610,5871,1
1647,1,0,1,1,3,1,0,2,0,0,0,0,1,0,0,1,2,1194,6264,1
1650,0,0,0,0,1,1,1,2,0,0,0,0,0,1,0,0,1,1315,6214,1
1651,1,1,0,0,1,1,0,2,0,0,0,0,1,0,0,1,0,1186,5962,1
1652,1,0,1,0,9,0,2,1,1,0,1,0,0,0,0,0,1,484,4857,0
1654,1,0,1,1,1,1,0,0,2,2,2,2,2,2,1,0,1,309,1342,0
1667,1,0,0,0,6,1,1,0,2,2,2,2,2,2,1,1,3,392,2792,0
1670,1,1,0,1,1,1,0,1,0,0,1,0,0,0,0,1,1,683,4226,1
1687,1,0,1,1,4,1,1,0,2,2,2,2,2,2,1,0,1,423,2731,0
1694,0,0,0,0,1,0,2,1,0,0,0,0,1,0,0,1,0,489,2942,1
1703,1,0,0,0,3,0,2,1,0,1,0,1,0,0,0,1,0,506,3622,0
1704,1,0,0,1,1,1,1,2,0,0,1,0,1,1,0,1,0,1580,6511,1
1718,0,0,0,0,9,1,0,0,2,2,2,2,2,2,1,0,2,331,2807,0
1725,0,1,0,0,9,1,1,2,0,0,0,0,1,1,0,1,0,1476,1065,0
1730,1,0,0,0,1,1,1,1,0,0,0,0,1,0,0,1,0,844,4846,1
1731,0,1,0,0,1,1,0,2,0,0,0,0,0,0,0,1,0,1011,5448,1
1733,1,0,0,0,1,1,0,0,2,2,2,2,2,2,0,0,1,314,1476,0
1736,0,0,0,0,1,1,0,0,2,2,2,2,2,2,0,0,1,323,1484,1
1739,1,0,0,0,1,1,0,2,0,0,0,0,0,0,0,1,0,1017,5454,1
1741,1,0,0,0,8,1,1,1,0,1,1,0,0,1,0,1,2,1046,387,0
1751,1,0,0,0,6,1,1,2,0,0,0,1,1,0,0,1,0,1396,332,1
1755,0,0,0,0,4,1,0,1,0,1,0,1,0,0,0,1,0,749,5229,0
1771,1,1,0,0,5,1,0,2,0,0,0,0,1,1,0,1,0,1407,371,1
1774,1,0,1,1,1,1,0,1,1,0,0,0,0,0,0,1,1,655,4053,0
1780,0,0,0,1,10,1,0,0,2,2,2,2,2,2,1,0,2,336,3344,1
1783,1,0,0,1,1,1,0,2,0,0,0,0,0,0,0,1,0,1051,5571,1
1790,0,0,0,0,4,1,0,2,0,0,0,0,0,1,0,0,2,1166,6434,1
1795,0,0,1,0,11,1,1,2,0,0,1,0,0,1,0,0,1,1390,1287,1
1799,0,0,0,0,2,1,1,2,1,0,0,0,1,1,0,1,0,1560,6490,1
1800,1,0,0,0,1,1,0,1,0,0,0,0,0,0,0,1,2,586,3660,0
1807,0,0,0,0,1,1,0,2,0,0,1,0,0,0,0,0,0,1138,5822,1
1812,1,0,1,0,9,1,0,2,0,0,1,0,1,1,1,1,2,1524,1039,0
1813,1,0,0,0,1,1,0,1,0,0,1,1,1,1,0,1,0,1121,5772,0
1814,1,0,1,1,4,1,0,0,2,2,2,2,2,2,2,0,1,327,2234,0
1816,1,0,0,0,1,1,0,0,2,2,2,2,2,2,0,0,1,317,1479,0
1823,1,0,0,0,11,1,0,2,0,1,0,0,0,0,0,1,3,1088,784,1
1833,1,0,0,0,1,1,0,1,1,0,0,0,0,0,0,0,0,644,3980,0
1834,1,1,0,0,1,1,0,1,0,0,0,0,0,0,0,0,0,611,3812,1
1835,0,0,1,0,1,1,0,1,0,0,0,0,0,0,0,1,0,609,3810,0
1837,1,0,0,0,1,1,0,0,2,2,2,2,2,2,0,0,2,334,1607,1
1846,1,0,0,0,11,1,0,0,2,2,2,2,2,2,1,0,1,309,2414,0
1849,1,0,0,0,2,1,0,1,0,0,0,0,0,0,0,1,0,620,3440,1
1852,1,0,0,0,1,1,0,1,0,0,0,0,0,0,0,0,3,632,3905,1
1853,0,0,0,0,1,1,0,1,0,0,0,0,0,0,0,0,0,612,3813,1
1854,1,1,0,0,1,0,2,1,0,1,1,0,0,1,0,1,0,577,3658,1
1858,0,0,1,0,11,1,0,2,1,0,0,0,0,0,0,1,0,1076,815,1
1861,0,0,0,0,1,1,0,1,0,0,0,0,0,0,0,0,1,628,3826,1
1868,1,0,0,0,1,1,0,1,0,0,0,0,0,0,0,1,2,590,3735,0
1870,1,0,0,0,1,1,0,1,0,0,0,0,0,0,0,1,1,620,3819,0
1879,1,0,0,0,1,1,0,2,0,0,0,0,0,0,0,1,0,1020,5502,1
1887,0,0,0,0,8,1,1,2,0,0,0,0,0,0,0,0,0,1066,362,1
1889,1,0,0,0,6,0,2,1,0,1,0,0,0,0,0,1,1,466,3582,0
1890,0,0,1,1,1,1,0,0,2,2,2,2,2,2,0,1,0,353,1728,1
1891,0,1,0,0,1,1,0,1,0,0,0,0,0,0,0,0,1,611,3812,1
1893,1,0,0,1,8,1,1,1,1,1,0,0,0,1,0,1,0,1001,167,0
1899,1,0,0,0,9,1,0,2,0,1,1,0,0,1,0,1,3,1416,1074,0
1901,0,0,0,0,4,1,0,0,2,2,2,2,2,2,1,0,0,336,2249,0
1919,1,0,0,0,1,1,0,1,0,0,1,0,0,0,0,0,1,698,4236,1
1929,1,0,1,1,1,1,0,2,0,0,0,0,0,1,0,1,0,1225,6056,0
1932,1,0,0,0,1,1,0,0,2,2,2,2,2,2,0,0,1,337,1610,0
1937,0,0,1,1,5,1,0,0,2,2,2,2,2,2,2,0,1,324,2294,0
1938,0,0,0,0,1,1,0,0,2,2,2,2,2,2,0,0,1,351,1624,0
1939,1,0,0,1,1,1,0,0,2,2,2,2,2,2,0,1,1,354,1729,0
1943,1,0,0,0,1,1,1,1,0,0,0,0,0,0,0,1,3,676,4145,0
1951,1,0,1,0,6,1,0,1,0,0,1,0,0,0,0,0,3,684,5303,0
1953,1,0,0,1,1,1,0,2,0,1,0,0,0,0,0,1,0,1118,5770,1
1954,1,0,0,0,1,1,1,2,0,0,0,0,0,0,0,1,0,1120,5771,1
1974,1,0,1,0,3,1,1,2,0,0,0,0,0,0,0,1,0,1110,6114,1
1976,1,1,0,0,1,1,1,2,0,0,0,0,1,1,0,1,0,1463,6393,1
1980,1,0,0,0,2,1,1,2,0,1,1,0,0,1,0,1,0,1497,41,0
1982,1,0,0,1,6,1,0,0,2,2,2,2,2,2,0,0,1,332,2330,0
1984,0,0,1,1,6,1,1,2,0,1,0,0,0,1,0,1,2,1415,472,1
1985,0,0,1,1,4,0,2,1,0,1,0,0,0,0,0,0,1,434,2682,1
1990,0,1,0,0,8,1,1,2,0,0,0,0,1,0,0,1,0,1294,641,1
1992,0,0,0,0,9,1,0,2,0,1,0,0,1,0,0,1,0,1270,598,0
1993,0,0,1,1,1,1,0,1,0,0,0,0,0,0,0,1,0,623,3822,1
1995,0,1,0,0,1,1,0,2,0,0,0,0,0,0,0,1,0,1018,5455,1
2014,1,0,1,1,5,1,0,1,0,1,1,1,0,0,0,0,2,882,5779,0
2016,0,0,0,0,2,1,1,2,0,0,0,0,0,1,0,0,0,1328,6137,1
2018,0,0,0,0,1,1,0,1,0,0,0,0,0,0,0,1,1,615,3816,1
2022,0,0,0,0,8,1,0,2,0,1,0,0,0,1,0,1,0,1324,622,0
2024,1,0,0,0,4,1,0,2,0,0,1,0,1,1,1,0,0,1506,344,0
2028,0,0,0,0,7,1,0,0,2,2,2,2,2,2,2,0,1,325,2875,0
2032,0,0,1,0,7,1,0,2,0,0,0,0,1,1,0,0,0,1360,713,1
2033,1,0,0,0,1,1,0,0,2,2,2,2,2,2,0,1,1,337,1610,1
2036,1,1,1,0,1,1,1,2,0,0,0,0,0,0,0,0,0,1097,5717,0
2037,0,1,0,0,1,1,0,2,0,0,0,0,0,0,0,1,1,1031,5513,0
2043,1,1,0,0,8,1,0,2,0,0,0,0,0,0,0,0,0,1012,83,0
2046,0,0,0,1,1,0,2,1,0,0,0,0,0,0,0,0,1,390,2042,0
2069,0,0,0,0,1,1,0,2,1,0,0,0,1,1,0,1,0,1504,6445,1
2073,1,0,0,0,6,1,0,0,2,2,2,2,2,2,0,0,1,331,2444,0
2076,0,0,0,0,6,1,0,1,0,0,0,1,0,1,1,0,3,830,5880,0
2077,0,0,0,0,1,1,0,2,0,0,0,0,0,0,0,0,0,1045,5569,1
2078,1,0,1,1,8,1,0,1,1,1,0,0,0,0,1,1,1,780,6236,0
2083,0,0,0,0,1,1,0,0,2,2,2,2,2,2,0,1,1,336,1609,1
2084,1,0,0,1,1,1,0,2,0,0,0,0,0,0,0,0,2,1014,5451,1
2086,1,0,1,1,9,1,0,2,0,0,0,0,1,0,0,0,0,1221,735,1
2093,1,0,0,1,2,1,1,0,2,2,2,2,2,2,0,0,3,392,1865,0
2094,0,0,0,0,10,1,0,0,2,2,2,2,2,2,0,0,1,326,3349,0
2095,1,0,0,0,1,1,0,2,0,0,0,0,1,0,0,1,0,1203,5975,1
2096,0,0,0,0,1,1,0,0,2,2,2,2,2,2,0,0,0,319,1481,1
2102,1,0,0,1,10,1,1,2,0,0,1,0,0,0,0,1,3,1215,743,0
2103,1,1,1,0,3,1,0,2,0,0,0,0,0,0,0,1,0,1023,6157,0
2116,1,0,0,0,1,1,1,1,0,0,1,0,0,0,0,0,0,750,4487,1
2121,1,0,0,0,1,1,0,0,2,2,2,2,2,2,0,0,1,342,1615,0
2122,0,0,0,0,4,1,1,1,0,0,0,1,1,1,1,1,1,1128,6222,0
2126,1,0,0,0,1,1,0,1,0,0,0,0,0,0,0,0,1,598,3742,0
2129,1,0,0,0,1,1,1,2,0,0,0,0,0,0,0,1,0,1117,5769,1
2133,0,1,0,0,1,1,0,2,0,0,0,0,0,0,0,1,0,1030,5512,1
2134,0,0,0,0,1,1,0,0,2,2,2,2,2,2,0,0,1,336,1609,0
2136,1,0,0,1,7,1,1,2,0,1,0,0,1,0,0,1,0,1417,797,0
2137,1,0,1,1,4,1,1,0,2,2,2,2,2,2,2,1,2,404,2719,0
2141,1,0,1,1,8,1,0,0,2,2,2,2,2,2,0,0,0,336,2952,0
2145,1,0,0,0,3,1,0,2,0,0,1,0,0,0,0,0,0,1070,6091,0
2147,1,0,0,0,10,1,0,0,2,2,2,2,2,2,0,0,0,313,3016,0
2152,0,0,0,0,1,1,1,1,0,0,0,0,0,0,0,1,0,682,4225,0
2159,0,0,0,0,7,1,1,0,2,2,2,2,2,2,2,0,2,397,3180,0
2165,0,0,0,0,5,1,0,0,2,2,2,2,2,2,1,0,1,337,2375,0
2167,1,1,1,0,5,1,1,2,0,0,0,0,1,1,0,1,0,1497,428,1
2172,0,0,0,0,1,1,0,1,0,0,0,0,0,0,0,0,3,588,3661,0
2174,0,0,0,0,11,1,0,0,2,2,2,2,2,2,1,0,3,338,3279,0
2191,0,1,0,0,1,1,0,2,0,0,0,0,1,1,0,1,0,1423,6344,1
2194,1,0,0,0,1,1,0,2,0,0,0,0,1,0,0,1,0,1194,5968,1
2196,0,0,1,1,11,1,0,0,2,2,2,2,2,2,0,0,1,337,3271,0
2198,0,0,1,1,9,1,1,1,0,0,1,1,0,0,1,1,1,884,140,0
2200,0,0,0,0,11,1,0,1,0,1,0,0,1,0,1,0,0,814,87,0
2208,0,1,1,0,1,1,1,2,0,0,1,0,1,1,0,1,0,16,5,1
2212,1,0,0,0,2,1,0,0,2,2,2,2,2,2,1,0,1,323,1888,0
2213,0,0,1,1,4,1,1,0,2,2,2,2,2,2,2,0,3,401,2382,0
2214,0,0,0,0,6,1,0,2,0,1,0,0,0,1,0,1,0,1325,338,1
2224,1,1,1,0,9,1,0,2,0,1,0,0,0,0,0,1,0,1140,427,1
2231,1,0,0,0,2,1,0,2,0,0,0,0,0,0,0,1,0,1019,5726,1
2238,0,0,0,0,1,1,0,2,0,0,0,1,1,1,0,1,0,1509,6447,0
2246,0,0,1,1,1,1,1,2,1,0,1,0,1,1,0,1,0,45,36,1
2249,0,0,0,0,3,1,0,1,0,0,0,1,1,1,0,0,1,1029,6128,0
2250,0,0,0,0,7,1,0,0,2,2,2,2,2,2,1,0,3,335,2620,0
2251,1,0,0,0,3,1,0,1,0,0,1,0,1,1,0,1,0,1006,5586,0
2255,0,0,0,1,1,1,0,1,1,0,0,0,0,0,0,0,1,704,4301,0
2256,0,0,0,1,7,1,0,1,1,1,1,1,0,0,1,0,3,944,24,0
2265,1,0,0,0,4,1,1,2,0,1,1,1,1,1,0,1,1,232,694,1
2269,0,0,0,0,1,1,0,2,0,0,0,0,0,0,0,0,1,1037,5519,1
2272,1,0,0,1,1,1,0,1,0,0,1,0,0,0,0,1,0,677,4146,0
2275,1,0,1,1,1,1,1,2,0,0,0,0,0,0,0,1,0,1101,5721,1
2281,0,0,0,0,8,1,1,1,0,0,1,0,0,1,0,1,3,936,84,1
2283,1,0,0,0,1,1,0,2,0,0,0,0,0,0,0,1,1,1049,5570,1
2290,0,0,1,0,5,0,2,1,0,0,1,0,1,1,0,1,2,655,5114,1
2294,1,0,0,0,4,1,1,2,0,1,1,0,1,1,0,1,0,128,465,1
2295,1,0,0,0,1,0,2,1,0,0,0,0,0,0,0,1,0,399,2150,1
2296,1,1,0,0,1,1,0,1,0,0,0,0,0,0,0,0,0,613,3814,0
2312,1,0,0,0,10,1,0,0,2,2,2,2,2,2,1,0,1,335,3425,0
2319,1,0,1,1,3,1,0,2,0,0,0,0,1,1,0,0,0,1409,39,0
2324,0,1,1,0,7,1,1,2,0,0,1,1,0,0,0,1,0,1261,469,1
2334,1,1,1,0,8,1,1,2,0,0,0,0,1,0,0,1,3,1300,715,0
2336,1,0,1,0,9,1,0,2,0,0,0,0,0,0,0,1,2,1027,390,1
2344,0,1,0,0,6,0,2,1,1,0,1,1,0,0,2,0,1,542,5463,0
2361,0,0,0,1,1,1,0,1,0,0,0,0,0,0,0,0,1,628,3826,1
2363,1,0,0,0,1,1,0,1,0,0,0,0,0,0,0,1,0,604,3747,0
2364,1,0,1,0,6,1,1,2,0,1,1,0,0,0,0,1,0,1254,345,0
2365,1,1,0,0,10,1,1,2,0,0,1,1,1,0,0,0,2,1470,1264,0
2366,0,1,0,0,1,1,0,2,0,0,0,0,0,0,0,1,0,1022,5504,1
2367,0,0,0,0,1,1,0,2,0,0,1,0,1,0,0,1,3,1310,6212,1
2371,0,0,0,0,1,1,1,0,2,2,2,2,2,2,0,1,0,410,2156,0
2376,1,0,0,0,3,1,0,1,0,1,0,0,1,0,1,1,0,872,5658,0
2381,1,0,0,0,3,1,0,0,2,2,2,2,2,2,1,0,1,323,1897,0
2388,0,0,0,0,1,1,0,1,0,0,0,0,0,1,0,1,0,772,4564,0
2397,1,0,0,0,1,1,0,2,0,0,0,0,1,1,0,1,0,1364,6282,1
2399,0,0,1,0,4,0,2,1,0,0,1,0,1,1,0,1,2,677,5028,0
2401,1,1,0,1,3,1,0,1,0,1,0,1,0,0,0,1,0,754,4920,0
2417,1,0,0,0,2,0,2,1,0,1,0,1,0,0,0,0,0,508,3332,0
2419,0,0,0,0,3,1,0,1,0,0,1,1,0,0,1,0,2,739,5213,0
2422,1,1,0,0,1,1,0,2,0,0,0,0,0,0,0,1,0,1020,5502,0
2423,0,0,0,0,10,1,0,0,2,2,2,2,2,2,1,0,1,335,3479,0
2426,0,0,1,0,9,0,2,1,0,1,1,0,0,0,0,1,3,506,5189,0
2427,1,0,0,0,1,0,2,1,0,0,0,0,0,1,0,0,0,510,3036,1
2435,0,0,0,1,6,1,0,1,0,0,1,0,1,0,0,1,3,843,6108,0
2439,1,0,1,1,9,1,0,0,2,2,2,2,2,2,1,0,2,331,2856,0
2446,0,0,0,0,10,1,1,2,0,1,0,0,1,0,0,1,3,1397,950,1
2448,0,1,0,0,6,1,1,2,0,1,1,0,1,1,0,1,0,91,960,1
2449,1,0,1,1,3,1,0,1,0,0,1,0,1,0,0,1,2,840,5395,0
2452,1,1,0,0,7,1,1,2,0,0,0,0,0,0,0,1,3,1095,263,1
2462,1,0,0,1,1,1,0,1,1,1,0,1,0,1,0,1,2,1028,5510,0
2464,0,0,0,0,1,1,1,2,0,0,0,0,0,0,0,1,0,1151,5865,1
2465,1,0,0,0,1,0,2,1,0,0,0,0,0,1,0,1,2,498,3031,1
2484,1,0,1,1,4,1,0,0,2,2,2,2,2,2,0,0,1,343,2205,0
2485,0,0,0,0,6,1,1,2,0,0,1,0,0,0,0,1,0,1213,143,1
2492,1,0,1,0,5,0,2,1,1,0,0,1,1,1,0,1,0,752,5549,1
2496,1,0,0,0,10,1,0,0,2,2,2,2,2,2,2,0,3,334,3319,0
2510,1,0,0,0,1,1,1,2,0,0,0,0,0,0,0,1,1,1096,5716,1
2516,0,1,0,0,8,1,1,2,0,0,0,0,1,1,0,1,0,1520,1033,1
2517,1,1,0,0,1,1,0,2,0,0,0,0,0,0,0,1,2,1009,5446,1
2526,1,0,0,0,1,1,0,0,2,2,2,2,2,2,0,0,1,321,1482,1
2543,1,0,0,0,5,1,1,2,1,0,0,0,1,1,0,0,1,1549,421,1
2544,0,0,1,0,4,1,1,1,1,0,1,0,1,1,1,0,0,1181,6278,0
2551,0,0,0,0,4,1,0,0,2,2,2,2,2,2,0,0,2,322,1906,0
2554,0,0,0,0,10,1,0,1,0,0,1,0,0,0,0,1,1,680,6310,0
2564,1,0,0,0,10,1,1,1,0,0,1,1,1,1,1,1,3,1244,788,1
2565,0,0,1,1,5,1,1,0,2,2,2,2,2,2,2,1,2,396,2882,0
2568,1,0,1,1,7,1,0,0,2,2,2,2,2,2,2,0,1,320,2409,0
2573,0,0,0,0,1,1,0,1,0,0,0,0,0,1,0,1,1,758,4491,1
2577,0,0,0,0,1,1,1,2,0,0,0,0,1,1,0,1,0,1484,6424,1
2581,1,0,0,0,2,1,0,0,2,2,2,2,2,2,0,0,3,333,1587,0
2582,0,0,0,1,4,1,1,2,0,1,1,0,1,1,0,1,0,100,506,0
2592,0,0,0,0,4,1,0,0,2,2,2,2,2,2,0,0,1,322,2107,0
2600,0,0,0,0,1,1,0,2,0,0,0,0,0,0,0,0,0,1021,5503,0
2605,0,0,0,0,5,1,0,0,2,2,2,2,2,2,2,1,1,341,2259,0
2607,1,1,0,0,1,1,0,2,0,0,0,0,0,0,0,1,0,1014,5451,1
2611,1,0,1,0,2,1,0,2,0,0,0,0,0,0,0,1,0,1025,5703,1
2612,0,0,1,1,6,1,1,1,0,1,0,1,1,1,0,0,3,1213,266,0
2613,0,0,0,0,1,1,1,2,0,1,0,0,0,0,0,1,1,1208,6016,1
2617,0,0,0,0,1,1,0,0,2,2,2,2,2,2,0,1,1,325,1486,1
2620,1,0,0,0,10,1,0,1,1,0,1,1,1,0,0,1,0,986,545,0
2624,1,0,1,1,9,1,1,1,0,1,1,1,0,0,0,1,1,963,148,0
2628,0,0,0,0,1,1,0,2,1,1,0,1,0,0,0,1,1,1267,6132,0
2634,1,0,1,0,1,1,0,2,0,0,0,1,1,0,0,1,0,1295,6178,1
2644,1,0,0,0,10,0,2,1,0,1,1,0,0,0,0,1,3,472,4914,1
2645,0,0,0,0,1,1,0,0,2,2,2,2,2,2,0,0,3,329,1490,0
2650,0,0,0,0,7,1,1,2,1,0,1,0,0,0,0,1,3,1286,556,0
2652,1,0,0,0,1,1,0,1,0,0,0,0,0,1,0,0,1,774,4565,0
2654,1,0,1,0,1,1,0,2,0,0,0,0,1,1,0,1,0,1412,6326,1
2658,0,0,1,1,6,1,0,0,2,2,2,2,2,2,2,0,1,309,2206,0
2660,1,0,0,1,5,1,0,1,1,0,0,0,0,0,0,1,3,718,5319,0
2668,1,0,0,1,1,1,0,0,2,2,2,2,2,2,0,0,1,328,1489,1
2669,0,0,0,0,11,1,1,2,1,1,0,0,0,1,0,1,0,1495,1322,1
2686,1,1,0,0,11,1,1,2,0,0,1,0,0,0,0,1,0,1201,871,1
2702,1,0,0,0,1,1,0,1,0,0,0,0,0,0,0,0,0,589,3734,0
2703,0,0,0,0,1,1,1,1,0,0,0,0,0,0,0,1,1,682,4225,1
2708,0,1,0,0,5,1,1,2,1,0,0,0,1,1,0,1,0,16,564,1
2713,1,0,0,0,1,1,0,0,2,2,2,2,2,2,0,1,1,342,1615,0
2716,0,0,1,0,11,1,0,1,0,0,0,0,0,0,0,0,1,607,6169,0
2720,1,0,0,0,7,1,1,1,0,0,0,0,0,0,0,0,0,711,5849,1
2721,1,1,0,0,2,1,0,2,0,0,0,0,0,1,0,1,0,1189,5987,1
2733,0,0,1,0,1,1,0,1,0,0,0,0,1,0,0,1,1,769,4562,0
2734,1,0,0,0,3,1,0,0,2,2,2,2,2,2,0,0,1,338,1705,0
2740,0,0,0,0,1,1,0,1,0,0,0,0,0,0,0,0,1,597,3741,1
2745,1,1,1,0,1,1,1,2,0,0,0,0,1,0,0,1,0,1320,6240,1
2751,0,0,1,1,11,0,2,1,0,0,0,0,0,0,0,1,1,393,3691,0
2753,0,0,0,0,1,1,1,2,0,0,0,0,1,1,0,0,1,1505,6446,1
2756,0,0,0,0,1,1,0,0,2,2,2,2,2,2,0,0,1,352,1625,1
2759,1,0,0,0,1,1,0,0,2,2,2,2,2,2,0,0,2,326,1487,0
2761,0,1,0,0,2,0,2,1,0,0,0,0,0,1,0,1,0,489,2857,1
2765,1,0,0,0,5,1,0,2,0,0,0,0,0,0,0,1,0,1022,6402,0
2768,0,0,0,0,4,1,0,0,2,2,2,2,2,2,1,0,1,327,2251,0
2769,0,0,0,0,7,1,0,0,2,2,2,2,2,2,0,0,2,328,2565,1
2770,1,0,1,1,9,1,1,2,0,0,0,0,1,1,0,1,0,1446,933,1
2771,0,0,1,1,5,1,0,1,1,0,1,0,0,1,0,1,1,899,6084,0
2776,1,1,1,0,8,1,0,2,0,1,0,0,0,0,0,1,3,1097,331,1
2777,1,0,0,0,2,1,0,0,2,2,2,2,2,2,0,0,0,333,1413,0
2778,0,0,0,0,5,1,0,2,0,1,0,0,0,0,1,1,1,1104,6476,0
2792,0,0,0,0,7,1,0,1,0,1,0,0,0,0,0,0,0,657,5697,0
2798,1,0,0,0,2,1,0,2,0,0,1,0,1,1,0,1,0,1490,93,1
2821,1,1,1,0,1,1,1,2,0,0,0,0,0,0,0,1,0,1099,5719,1
2825,1,0,0,0,7,1,1,0,2,2,2,2,2,2,0,1,0,422,3247,0
2826,0,0,1,0,5,1,0,1,0,0,0,0,0,0,1,0,0,585,4856,0
2827,1,0,0,0,1,1,0,1,0,1,0,0,0,0,0,1,1,683,4226,0
2828,1,0,0,0,1,1,0,0,2,2,2,2,2,2,2,0,1,342,1615,0
2831,0,1,1,0,4,1,1,2,0,1,1,0,1,0,0,1,0,1548,120,1
2837,0,0,0,0,1,1,0,0,2,2,2,2,2,2,0,0,1,343,1616,1
2845,0,0,0,0,3,1,0,2,0,1,1,1,0,1,0,1,0,1476,6530,0
2849,0,0,0,0,4,1,0,0,2,2,2,2,2,2,0,0,1,339,2111,0
2854,1,0,1,1,9,1,1,1,1,0,1,0,1,0,1,1,2,1026,372,0
2856,1,0,0,0,1,1,1,1,0,0,0,0,0,0,0,1,0,683,4226,0
2858,0,0,1,0,2,1,0,0,2,2,2,2,2,2,0,1,1,344,2179,0
2861,0,0,0,0,1,1,0,2,0,0,0,0,0,1,0,1,0,1243,6060,1
2863,1,0,0,0,1,1,0,1,0,0,0,0,0,0,0,0,1,601,3744,0
2866,0,0,0,0,4,1,0,2,0,1,0,0,0,1,0,1,0,1291,35,0
2871,1,0,1,0,6,1,1,2,0,0,0,0,1,0,0,1,0,1321,431,1
2876,1,0,0,0,11,1,0,0,2,2,2,2,2,2,1,1,3,327,3302,0
2880,1,0,0,0,4,1,0,2,0,0,0,0,0,1,0,1,2,1203,85,0
2882,0,0,0,0,3,1,0,1,0,0,0,0,1,1,0,1,0,930,5606,0
2887,1,0,0,0,1,1,0,1,0,0,0,0,0,0,0,1,1,610,3811,1
2888,0,1,0,1,1,1,0,2,0,0,0,0,0,0,0,1,0,1039,5564,1
2891,0,0,0,0,1,1,0,2,0,0,0,0,0,1,0,1,0,1198,5972,1
2892,1,0,0,0,1,1,0,0,2,2,2,2,2,2,0,0,1,342,1615,0
2896,1,0,0,0,5,1,0,0,2,2,2,2,2,2,1,1,0,332,2183,0
2900,0,1,1,1,1,1,0,2,0,0,0,0,0,0,0,1,0,1004,5443,1
2903,1,0,1,1,4,0,2,1,0,1,0,1,0,0,0,0,1,503,3675,0
2908,1,0,1,0,10,1,1,2,1,0,0,0,1,1,0,1,0,1573,1261,1
2911,0,0,0,0,1,1,0,2,0,0,1,0,0,0,0,0,2,1081,5666,1
2924,1,0,0,0,3,1,0,2,0,1,0,0,0,0,0,1,0,1102,6107,1
2927,1,0,0,0,1,1,0,2,0,0,0,0,0,0,0,1,0,1017,5454,0
2934,0,0,1,1,4,1,0,0,2,2,2,2,2,2,0,0,2,321,1583,0
2939,1,1,0,0,4,1,0,2,0,1,1,1,0,0,0,1,1,1275,62,1
2944,1,0,0,0,4,0,2,1,1,1,0,1,1,0,0,1,2,699,4947,0
2958,0,0,0,0,1,1,0,0,2,2,2,2,2,2,0,0,3,324,1485,0
2961,1,0,0,0,4,1,0,1,0,1,0,1,0,0,0,1,1,738,5201,0
2966,0,1,0,0,6,0,2,1,0,0,0,0,1,1,0,1,0,635,5331,0
2976,1,0,0,1,11,1,1,0,2,2,2,2,2,2,0,1,3,378,3726,0
2977,1,0,0,0,1,1,0,0,2,2,2,2,2,2,0,1,1,323,1484,0
2989,1,0,0,1,1,1,0,0,2,2,2,2,2,2,0,1,1,317,1479,0
2990,1,0,0,0,2,0,2,1,0,0,0,0,0,1,0,1,1,478,2577,1
2992,1,0,0,0,4,0,2,1,0,1,0,1,0,0,0,0,1,479,3757,0
2993,1,0,1,1,1,1,0,0,2,2,2,2,2,2,1,0,1,341,1614,0
2995,0,0,0,0,1,0,2,1,0,0,0,0,0,0,0,0,2,401,2152,0
2996,0,0,0,0,10,1,1,1,1,0,1,0,0,0,0,1,1,859,294,0
2999,1,0,1,1,11,1,0,0,2,2,2,2,2,2,0,0,1,345,3536,0
3000,1,0,0,0,4,1,1,2,0,0,0,0,1,0,0,1,0,1288,114,1
3004,1,0,1,1,1,1,0,2,0,0,0,0,1,1,0,0,1,1380,6297,1
3006,1,1,0,0,6,1,1,2,0,0,0,0,0,0,0,1,0,1110,76,1
3008,0,0,0,0,3,1,0,0,2,2,2,2,2,2,1,0,1,333,1740,0
3009,1,0,0,0,1,1,1,0,2,2,2,2,2,2,0,1,1,396,2147,0
3017,0,0,1,1,10,1,0,1,1,1,0,1,0,0,1,1,1,877,170,0
3026,0,0,1,0,8,1,1,2,0,0,0,0,1,0,0,1,0,1298,682,1
3030,1,0,0,0,1,1,0,2,0,0,0,0,1,0,0,1,0,1195,5969,1
3032,1,0,0,0,9,1,0,0,2,2,2,2,2,2,2,0,3,322,3179,0
3034,1,0,0,0,1,1,1,2,0,0,0,0,1,0,0,0,0,1289,6174,1
3041,1,0,0,1,1,1,0,1,0,1,0,0,0,0,0,1,0,678,4147,0
3044,0,0,0,0,1,1,0,1,0,0,0,0,0,0,0,1,1,617,3818,1
3058,0,0,0,1,9,1,1,1,0,0,1,0,0,0,1,1,1,780,6412,1
3065,1,0,0,0,1,1,0,1,0,0,0,0,0,0,0,1,1,625,3824,0
3066,0,0,0,0,2,1,1,2,0,0,0,0,0,0,0,1,1,1126,5898,0
3069,0,0,0,0,2,1,0,0,2,2,2,2,2,2,0,1,1,344,1441,0
3086,1,0,0,0,9,1,1,2,0,0,1,1,0,1,0,1,2,1505,1116,0
3090,1,0,0,0,1,1,0,1,0,0,0,0,1,0,0,1,1,733,4432,1
3092,0,0,0,0,1,0,2,1,0,0,0,0,0,0,0,1,1,398,2149,1
3095,1,0,0,0,3,1,0,2,0,0,1,0,0,1,0,0,0,1295,6292,0
3099,0,0,0,0,9,1,0,0,2,2,2,2,2,2,1,0,1,336,3059,0
3103,0,1,0,0,1,1,0,0,2,2,2,2,2,2,0,1,0,322,1483,1
3110,0,0,0,0,1,1,0,0,2,2,2,2,2,2,0,0,1,315,1477,0
3115,0,0,0,0,5,1,1,2,0,1,1,0,0,0,0,1,0,1288,113,1
3121,0,1,0,0,8,1,0,1,0,0,0,1,1,0,0,0,0,835,49,1
3123,1,0,0,0,8,1,0,2,0,0,0,0,0,0,0,1,3,1018,376,0
3132,1,0,0,0,1,1,0,2,0,0,0,1,0,0,0,1,1,1097,5717,0
3136,0,0,0,0,9,1,0,2,0,0,0,0,0,0,0,1,0,1019,274,1
3138,0,0,0,0,1,1,0,1,0,0,0,0,0,0,0,1,0,615,3816,1
3140,1,0,0,0,6,1,0,2,0,0,1,0,0,0,0,0,0,1140,225,0
3142,1,0,0,0,1,1,0,0,2,2,2,2,2,2,0,0,1,329,1490,1
3143,1,0,1,1,5,1,1,1,0,1,1,1,1,0,0,1,0,1068,6396,0
3147,0,0,1,0,7,1,0,2,1,0,1,0,1,1,0,0,0,33,1152,0
3150,1,0,0,0,9,0,2,1,0,0,0,0,0,0,0,1,1,409,3751,0
3151,1,0,1,1,7,1,0,2,1,0,0,0,0,0,0,0,1,1113,288,0
3158,1,0,1,0,10,1,0,1,0,0,1,0,0,0,0,1,1,671,6280,1
3161,1,0,0,0,6,1,0,0,2,2,2,2,2,2,1,0,1,320,2821,0
3162,1,0,0,0,11,1,1,1,0,0,0,0,1,1,0,0,1,1011,719,0
3166,1,0,1,0,6,1,0,1,0,0,0,1,0,0,0,0,2,656,5286,0
3173,0,0,1,0,9,1,0,0,2,2,2,2,2,2,1,0,1,320,2666,0
3175,1,1,1,0,9,1,0,2,0,0,0,0,0,1,0,0,2,1234,599,1
3185,0,1,0,0,1,0,2,1,0,0,0,0,0,0,0,0,1,397,2148,1
3189,0,0,1,1,7,1,0,0,2,2,2,2,2,2,0,0,1,329,2363,0
3191,1,1,0,0,4,0,2,1,0,1,0,0,0,0,0,1,3,437,3266,0
3202,1,0,0,0,1,1,0,1,0,0,0,0,0,1,0,1,0,768,4561,0
3209,0,0,0,0,1,1,1,2,0,0,0,0,1,1,0,1,0,1469,6395,1
3211,0,0,0,0,9,1,0,0,2,2,2,2,2,2,1,0,3,334,2925,0
3216,0,0,1,1,1,1,0,1,0,0,1,0,0,0,0,0,1,689,4228,1
3225,0,0,0,0,5,1,0,1,1,0,0,0,1,1,0,1,0,1057,6378,0
3227,1,0,1,1,4,1,0,1,0,0,0,0,1,0,0,1,1,789,5076,0
3229,0,0,0,0,4,1,1,2,0,0,0,0,1,1,0,1,0,1476,88,1
3231,0,0,0,0,7,1,0,1,1,1,1,1,1,1,0,0,1,1288,522,0
3236,1,0,0,0,8,1,1,1,0,1,0,0,0,0,0,0,0,769,6275,0
3239,1,0,0,0,8,1,0,1,0,0,0,1,0,0,0,1,1,669,6008,0
3241,1,0,0,0,1,1,0,0,2,2,2,2,2,2,0,0,1,335,1608,1
3243,0,0,0,0,11,0,2,1,0,1,0,0,0,1,0,1,0,542,5572,0
3244,1,0,0,0,2,1,1,1,1,0,0,0,0,0,0,1,3,753,4690,0
3248,1,1,1,0,2,1,1,2,0,0,0,0,0,1,0,1,0,1332,6231,1
3249,0,0,1,1,2,1,0,1,0,1,1,0,0,0,0,1,1,774,4575,0
3250,1,0,1,0,3,1,0,0,2,2,2,2,2,2,1,1,1,344,1399,0
3252,1,0,1,1,9,1,1,1,1,0,0,1,0,0,1,1,1,886,193,0
3254,1,1,0,0,9,1,0,2,0,1,1,0,1,1,0,1,0,34,1273,0
3258,1,0,0,0,1,0,2,1,0,0,0,0,0,0,0,1,0,384,2039,0
3264,0,0,0,1,2,1,0,2,0,0,1,1,1,0,0,1,0,1419,6474,0
3271,1,1,1,0,4,1,1,2,0,1,0,0,1,1,0,1,0,26,401,1
3272,1,0,0,0,1,1,1,2,1,0,0,0,0,0,0,1,0,1238,6059,1
3275,0,0,1,0,6,1,0,0,2,2,2,2,2,2,2,0,1,341,2523,0
3277,1,0,1,1,5,1,0,0,2,2,2,2,2,2,1,0,1,333,1794,0
3287,1,0,1,1,11,1,1,2,0,0,0,1,1,1,1,1,0,19,1451,1
3288,0,0,1,1,5,1,0,0,2,2,2,2,2,2,2,0,1,350,2362,0
3294,0,0,1,1,1,1,0,2,0,0,0,0,0,0,0,1,1,1001,5440,1
3301,0,1,0,0,1,1,0,2,0,0,0,0,0,0,0,1,0,1011,5448,1
3308,0,0,1,0,7,1,1,0,2,2,2,2,2,2,2,0,1,400,3310,0
3310,0,1,0,0,1,1,0,2,0,0,0,0,1,0,0,0,0,1173,5910,1
3312,1,0,0,0,1,1,0,0,2,2,2,2,2,2,0,0,1,339,1612,0
3313,1,0,0,0,1,1,0,0,2,2,2,2,2,2,0,0,0,317,1479,0
3318,1,0,0,0,2,0,2,1,0,0,1,0,0,0,0,0,1,440,2203,1
3320,1,1,1,0,10,1,0,1,1,0,0,0,0,1,0,1,3,830,25,0
3324,0,0,0,0,1,1,0,2,0,0,1,0,0,0,0,0,0,1122,5773,0
3328,0,0,0,0,1,1,0,2,0,0,0,0,0,0,0,1,0,1024,5506,0
3329,0,0,1,0,10,1,0,1,0,0,0,1,0,0,0,1,1,686,6341,0
3331,1,0,1,1,0,1,0,0,2,2,2,2,2,2,2,0,1,330,0,0
3332,1,0,0,0,1,1,0,1,0,0,0,0,0,0,0,0,1,634,3906,1
3333,1,0,0,1,4,1,0,0,2,2,2,2,2,2,2,0,2,320,1747,0
3335,1,0,0,0,4,1,1,0,2,2,2,2,2,2,0,0,0,396,2741,0
3338,0,0,0,0,4,1,0,2,0,0,1,1,0,1,0,1,0,1385,190,1
3343,0,0,0,0,8,1,0,0,2,2,2,2,2,2,1,0,2,335,2762,0
3344,1,0,0,0,2,1,1,2,0,0,0,0,0,0,0,1,1,1094,6070,1
3349,0,0,1,0,3,1,1,2,0,0,1,0,1,1,0,1,0,1575,107,1
3350,1,0,0,0,1,1,0,1,0,0,0,0,0,0,0,1,1,592,3737,1
3351,0,0,0,0,8,1,0,1,0,1,0,1,0,0,0,1,1,741,6155,1
3352,0,0,0,0,1,1,1,2,0,0,0,0,0,1,0,1,1,1308,6210,1
3353,1,0,1,0,4,1,0,2,0,1,0,0,0,1,0,1,3,1300,6529,0
3357,0,0,0,1,1,1,0,1,0,0,1,0,0,1,0,0,0,832,4842,1
3360,1,0,0,0,5,1,0,2,0,0,1,0,1,0,0,1,0,1263,121,1
3362,0,0,0,0,1,1,0,1,1,1,0,0,0,0,0,1,0,761,4492,1
3365,1,0,0,0,11,1,0,0,2,2,2,2,2,2,2,0,1,326,3099,0
3369,0,1,0,0,3,1,1,1,1,0,0,0,0,0,0,1,0,775,4786,0
3371,0,0,1,1,3,1,0,0,2,2,2,2,2,2,0,1,1,318,1346,1
3376,0,0,1,1,1,1,0,0,2,2,2,2,2,2,0,1,1,321,1482,0
3380,1,1,1,0,1,1,1,2,0,0,0,0,1,1,0,1,0,1494,6442,1
3385,1,0,0,0,4,1,1,2,0,0,0,0,1,1,0,1,0,1513,283,1
3389,1,0,0,0,1,1,0,2,0,0,0,0,0,0,0,1,1,1031,5513,0
3400,1,0,0,0,10,1,1,2,0,0,0,0,1,0,0,0,2,1285,967,0
3416,1,0,0,1,4,1,0,1,1,0,0,0,1,1,0,1,1,1016,6163,0
3423,1,0,0,1,1,1,0,1,1,0,0,0,0,0,0,0,1,692,4231,1
3424,1,0,0,0,2,1,0,2,0,0,0,0,1,1,0,1,0,1387,6246,1
3426,1,0,0,0,1,1,0,2,0,0,0,0,0,0,0,1,0,1015,5452,1
3434,0,0,0,0,3,1,0,1,1,0,0,1,0,0,1,1,1,755,5031,0
3438,1,0,1,0,10,1,1,2,0,0,0,0,1,1,0,1,0,1486,1183,1
3452,1,0,0,0,1,1,0,1,0,0,0,0,0,0,0,1,1,608,3750,0
3455,1,0,0,0,1,1,0,2,0,0,0,0,1,1,0,1,0,1408,6324,1
3457,0,0,0,0,1,1,0,0,2,2,2,2,2,2,0,1,1,323,1484,0
3468,1,0,1,1,1,1,0,0,2,2,2,2,2,2,0,0,1,327,1488,0
3469,0,1,0,0,7,1,0,2,0,0,0,0,1,1,0,1,0,1427,733,0
3477,0,0,0,0,10,1,1,2,0,0,0,0,0,0,0,1,0,1094,629,0
3482,1,0,0,0,11,1,0,1,0,0,0,0,0,0,0,1,2,609,6256,0
3483,0,0,0,0,10,1,0,2,0,1,1,0,0,0,0,0,0,1160,648,0
3495,1,1,0,0,1,1,1,2,0,0,0,0,0,0,0,1,0,1118,5770,1
3499,0,0,0,0,1,1,0,0,2,2,2,2,2,2,0,0,1,351,1624,1
3506,1,0,0,0,11,1,1,2,1,0,1,0,0,0,0,1,0,1294,1131,0
3509,1,0,0,0,1,1,0,1,0,0,0,0,0,0,0,1,1,607,3749,0
3513,1,0,1,1,3,1,0,0,2,2,2,2,2,2,0,0,2,352,2323,0
3515,1,0,0,0,9,1,0,1,1,1,0,0,0,0,0,1,3,773,6406,0
3518,1,0,0,0,1,1,0,0,2,2,2,2,2,2,0,0,1,322,1483,0
3520,0,0,1,0,8,1,0,0,2,2,2,2,2,2,0,0,1,325,2728,0
3524,0,1,0,0,3,1,1,2,0,0,0,0,0,1,0,1,3,1295,6337,1
3527,1,0,1,0,1,1,1,2,0,0,0,0,0,0,0,1,2,1103,5722,1
3528,1,0,0,0,8,1,0,0,2,2,2,2,2,2,0,1,1,327,2965,1
3530,0,0,0,0,9,1,1,1,0,0,1,1,1,0,0,1,1,999,205,0
3531,0,0,0,0,8,1,0,0,2,2,2,2,2,2,1,0,3,320,2547,0
3532,0,0,0,0,7,1,0,1,0,0,1,0,0,1,0,1,0,836,6309,1
3533,0,0,0,0,2,1,0,0,2,2,2,2,2,2,1,1,1,329,1584,0
3536,0,0,0,0,1,1,1,2,0,1,0,0,0,0,0,1,1,1187,5963,0
3551,0,0,0,1,1,1,0,2,0,0,0,0,0,1,0,1,0,1196,5970,1
3565,1,0,0,0,1,1,0,1,0,1,0,0,0,0,0,1,0,695,4234,1
3567,0,0,1,1,6,1,0,2,0,1,0,1,0,1,0,1,3,1390,380,1
3569,1,0,0,0,9,1,0,0,2,2,2,2,2,2,1,0,1,332,2700,0
3570,1,0,1,1,8,1,0,0,2,2,2,2,2,2,2,0,1,343,2508,0
3574,0,0,0,0,1,1,0,0,2,2,2,2,2,2,0,1,1,340,1613,0
3592,0,0,0,0,1,1,0,1,0,0,0,0,0,0,0,1,0,622,3821,1
3598,1,1,0,0,1,1,0,1,0,0,0,0,0,0,0,0,0,634,3906,0
3607,0,0,0,0,5,1,0,1,1,0,0,1,0,0,1,0,1,766,5737,0
3610,0,0,0,0,4,1,1,2,0,0,1,0,1,1,0,1,2,3,307,1
3617,0,1,1,0,10,0,2,1,0,0,1,0,1,1,0,1,0,648,6064,1
3627,0,0,0,0,8,1,0,0,2,2,2,2,2,2,1,0,1,335,2555,0
3629,1,0,1,1,9,1,1,0,2,2,2,2,2,2,2,1,1,399,3515,0
3631,0,1,1,0,1,1,0,1,1,0,0,0,0,0,0,1,0,671,4141,1
3633,0,1,0,0,1,1,0,2,0,0,0,0,0,0,0,1,0,1043,5568,0
3636,0,0,0,1,3,1,0,0,2,2,2,2,2,2,0,0,3,327,1774,0
3652,0,1,0,0,1,0,2,1,0,0,0,0,0,0,0,0,0,401,2152,1
3658,0,0,0,0,2,1,0,1,0,0,1,1,0,0,0,0,0,748,4803,0
3671,0,0,0,0,1,1,1,2,0,0,0,0,0,0,0,1,0,1113,5768,1
3674,0,0,0,0,1,1,0,1,0,0,0,0,0,0,0,0,0,625,3824,1
3675,0,0,0,0,1,1,0,0,2,2,2,2,2,2,0,0,1,343,1616,0
3677,0,0,0,0,1,0,2,1,0,0,0,1,0,0,0,0,1,459,2594,0
3678,1,0,1,1,8,1,1,1,1,1,0,1,1,1,0,0,0,1297,726,0
3679,1,0,0,0,1,1,0,0,2,2,2,2,2,2,0,1,1,335,1608,1
3682,1,0,0,0,1,1,0,2,0,0,0,0,0,0,0,1,0,1001,5440,1
3686,0,0,0,0,5,1,1,2,0,0,0,0,0,0,0,1,1,1111,6528,1
3687,1,0,1,1,11,1,0,2,0,1,0,1,1,1,1,0,2,0,1465,1
3689,0,1,0,0,1,1,0,2,0,0,0,0,0,0,0,1,0,1042,5566,1
3708,1,0,0,0,3,1,0,0,2,2,2,2,2,2,2,0,1,341,1946,0
3709,1,0,0,0,1,1,1,1,0,0,0,0,0,0,0,0,1,695,4234,0
3710,1,0,1,1,2,1,0,0,2,2,2,2,2,2,1,0,1,342,2065,0
3715,1,1,0,0,3,1,0,2,0,0,0,0,0,1,0,1,0,1174,6273,0
3716,0,0,1,0,3,1,1,2,0,1,0,0,1,1,0,1,0,38,276,1
3723,0,0,1,1,10,1,0,0,2,2,2,2,2,2,0,0,1,342,3090,0
3725,0,0,0,0,1,1,0,2,0,0,0,0,0,0,0,1,1,1035,5517,1
3726,1,0,0,0,8,1,1,2,0,0,0,1,0,1,0,1,3,1378,831,1
3746,0,0,1,0,1,1,0,2,0,0,0,0,0,0,0,1,0,998,5383,1
3750,0,1,1,0,4,1,0,1,1,0,1,1,1,1,1,1,0,1188,6430,0
3753,1,0,0,0,1,0,2,1,0,0,0,1,0,0,0,0,1,433,2503,0
3754,1,0,0,0,1,1,0,0,2,2,2,2,2,2,0,0,1,334,1607,0
3756,1,0,0,0,1,0,2,1,0,0,0,0,0,0,0,1,1,385,2040,1
3758,0,0,0,0,1,1,0,1,1,0,0,0,0,0,0,0,2,671,4141,0
3762,1,0,0,0,7,1,1,1,0,0,0,0,0,0,0,1,0,660,5763,0
3764,0,0,0,0,3,1,1,0,2,2,2,2,2,2,1,0,0,400,2101,0
3766,0,1,0,0,1,1,0,1,1,0,1,0,0,0,0,1,0,779,4567,1
3771,1,0,0,0,1,1,0,2,0,0,0,0,1,0,0,1,0,1185,5961,1
3772,1,0,1,0,1,1,0,2,1,0,0,0,1,1,0,1,0,1492,6440,1
3773,0,0,0,0,1,0,2,1,0,0,0,0,0,0,0,0,1,400,2151,1
3782,0,0,0,1,4,1,1,2,0,0,0,0,1,0,0,1,0,1280,6477,0
3785,1,1,1,0,2,1,1,2,0,0,1,0,0,1,0,1,0,1393,6353,1
3795,1,0,0,0,4,1,0,2,0,0,0,0,1,0,0,1,0,1233,6350,0
3796,0,0,0,0,7,1,1,1,0,0,0,0,0,0,0,1,0,662,5371,1
3801,0,1,0,0,10,1,1,2,0,1,0,1,0,0,0,1,0,1308,918,1
3802,1,0,0,0,1,1,0,0,2,2,2,2,2,2,0,0,1,333,1606,0
3804,1,0,0,0,2,1,1,2,0,1,0,0,0,0,0,0,0,1201,6002,0
3805,1,1,0,0,1,1,0,2,0,0,0,0,0,0,0,1,0,1051,5571,1
3806,0,1,0,0,10,1,0,2,0,1,0,0,0,0,0,1,0,1082,651,0
3810,1,0,1,1,1,1,0,1,0,0,0,0,0,0,0,0,0,600,3743,0
3812,1,0,0,0,9,1,0,0,2,2,2,2,2,2,1,1,2,326,3044,0
3821,0,1,0,0,1,1,1,2,0,0,0,0,0,0,0,1,0,1095,5715,1
3826,1,0,1,1,0,1,1,0,2,2,2,2,2,2,2,0,1,403,0,0
3833,1,0,0,0,4,1,1,1,0,0,1,0,1,1,0,0,2,1106,6118,0
3839,0,0,1,1,7,1,0,0,2,2,2,2,2,2,0,0,1,334,2455,0
3843,1,1,1,0,1,1,0,2,0,0,0,0,0,0,0,0,1,1036,5518,1
3847,1,0,0,0,2,1,0,0,2,2,2,2,2,2,0,1,3,333,1586,0
3852,1,0,0,0,1,1,0,0,2,2,2,2,2,2,0,1,2,326,1487,0
3860,1,0,0,1,11,0,2,1,0,0,0,0,0,0,0,1,3,403,4680,0
3863,1,0,1,0,9,1,1,2,0,1,1,0,1,1,0,1,0,47,1259,0
3865,0,0,0,1,1,1,1,0,2,2,2,2,2,2,0,0,1,376,2035,0
3866,0,0,1,1,11,1,1,0,2,2,2,2,2,2,2,0,1,408,4092,0
3879,1,0,0,0,1,1,0,1,0,0,0,0,0,0,0,0,0,624,3823,1
3883,0,0,0,0,4,1,1,2,1,0,0,0,0,0,0,1,0,1200,7,0
3884,0,0,1,0,10,1,1,2,0,0,0,1,1,0,0,1,0,1374,1049,0
3887,1,0,0,0,3,1,0,2,0,1,0,0,0,0,0,0,0,1110,6081,1
3888,0,0,0,0,1,1,0,2,0,0,0,0,0,1,0,0,3,1207,6015,1
3889,1,0,0,0,5,1,0,0,2,2,2,2,2,2,1,0,3,319,2241,0
3892,0,0,0,0,9,1,0,0,2,2,2,2,2,2,0,0,3,327,2946,0
3902,0,0,0,0,1,0,2,1,1,0,0,0,0,0,0,0,1,447,2506,0
3906,0,0,1,0,1,1,0,2,0,0,0,0,1,0,0,0,0,1180,5912,1
3907,1,0,0,0,11,1,0,2,0,0,1,1,1,0,0,0,1,1396,1177,0
3909,1,0,0,0,3,1,0,0,2,2,2,2,2,2,2,0,3,324,1861,0
3911,1,0,0,0,10,1,0,1,1,0,0,0,0,0,0,0,0,668,6274,1
3917,1,1,0,0,1,1,0,2,0,0,0,0,0,0,0,0,0,1001,5440,1
3923,1,0,0,0,1,1,0,2,0,0,0,0,0,1,0,1,1,1221,6023,1
3926,1,0,0,0,3,0,2,1,0,1,1,0,0,0,0,0,1,489,3278,0
3928,0,0,1,0,10,1,0,2,0,0,1,0,1,1,0,1,3,1511,1266,0
3934,0,0,0,1,2,0,2,1,1,1,0,1,0,0,1,0,1,551,3501,0
3939,0,0,0,1,1,1,0,2,0,0,0,0,0,1,0,0,0,1177,5911,1
3940,1,0,0,0,11,0,2,1,0,0,0,0,0,0,0,1,2,399,3960,0
3942,1,0,0,0,1,1,0,1,0,0,0,0,0,0,0,1,0,574,3590,1
3943,1,1,0,0,1,1,0,1,0,0,0,0,0,0,0,0,0,589,3734,0
3949,0,0,0,1,10,1,1,1,1,0,0,0,0,0,0,0,1,809,6517,0
3954,1,1,1,0,9,1,1,2,0,0,0,0,1,1,0,1,0,1488,1010,0
3958,1,0,1,0,8,1,1,2,0,0,0,0,0,0,0,1,2,1088,517,1
3969,1,0,1,1,1,1,0,2,0,0,0,0,0,0,0,1,3,1018,5455,0
3983,1,0,0,0,1,0,2,1,0,0,0,0,0,0,0,1,0,381,2038,1
3985,1,1,1,0,8,1,0,1,1,1,0,0,0,0,0,1,2,754,6112,0
3987,0,0,0,0,3,1,1,2,0,0,0,0,0,0,0,1,0,1141,6164,1
3990,1,0,0,0,6,1,0,2,0,0,0,0,1,1,0,1,0,1451,612,0
4005,1,0,0,0,1,1,1,0,2,2,2,2,2,2,0,1,1,377,2036,1
4010,0,0,0,0,1,1,0,0,2,2,2,2,2,2,0,0,1,341,1614,0
4012,0,0,0,0,1,1,0,1,0,1,0,0,0,0,0,0,0,691,4230,1
4016,0,0,0,0,1,1,0,1,0,0,0,0,0,0,0,0,1,616,3817,0
4019,1,0,0,0,6,1,1,2,0,1,0,0,1,1,0,1,0,11,764,1
4021,0,0,1,1,1,1,0,0,2,2,2,2,2,2,0,1,1,343,1616,1
4022,0,0,0,0,2,1,0,0,2,2,2,2,2,2,0,0,1,310,1101,0
4036,0,0,1,1,10,1,0,0,2,2,2,2,2,2,0,1,1,338,3426,0
4045,0,0,0,0,6,1,0,2,0,0,0,0,0,0,0,1,3,1039,6352,1
4053,1,1,0,0,3,1,1,1,1,1,0,0,0,0,0,0,2,852,5279,0
4061,0,0,0,0,6,1,0,1,1,0,0,0,0,0,0,0,2,682,5562,0
4062,0,0,0,0,1,1,0,2,0,0,0,0,0,0,0,0,0,1029,5511,1
4063,0,0,0,0,2,1,1,2,0,1,1,0,0,1,0,1,0,1489,6452,1
4064,0,0,0,0,1,1,0,1,1,0,0,0,0,0,0,0,0,683,4226,0
4065,1,0,0,0,1,1,0,0,2,2,2,2,2,2,0,0,1,328,1489,1
4068,0,0,1,1,6,1,0,0,2,2,2,2,2,2,1,1,1,323,2359,0
4071,0,0,0,0,8,0,2,1,1,0,0,0,1,0,0,1,0,528,5286,0
4073,1,0,1,1,6,1,0,1,1,1,0,0,1,0,0,1,0,941,6413,1
4077,0,1,1,1,6,1,1,2,0,0,0,0,1,1,0,1,0,1508,632,0
4079,0,0,1,0,2,1,1,2,1,0,0,0,0,0,0,1,3,1167,5847,0
4081,0,0,0,0,1,1,0,2,0,0,0,0,0,0,0,1,0,1011,5448,1
4084,0,0,0,0,1,1,0,2,0,0,0,0,1,0,0,0,0,1165,5907,1
4087,0,0,0,0,2,1,0,0,2,2,2,2,2,2,0,1,1,351,2119,0
4090,0,0,0,1,1,1,0,1,1,0,0,0,0,0,0,0,1,678,4147,0
4092,0,0,0,0,1,1,0,0,2,2,2,2,2,2,0,1,1,338,1611,0
4094,1,0,0,0,1,1,0,2,0,0,0,1,0,0,0,0,0,1091,5713,0
4098,1,0,0,0,1,1,0,0,2,2,2,2,2,2,0,1,1,337,1610,1
4124,0,1,1,0,11,1,1,2,0,0,0,0,1,1,0,1,0,1491,1286,0
4130,0,0,0,0,2,0,2,1,0,1,0,1,0,0,0,0,0,515,3217,0
4131,0,0,0,0,1,1,0,0,2,2,2,2,2,2,0,1,1,338,1611,1
4132,0,0,0,0,5,0,2,1,0,0,0,0,0,0,0,1,0,374,2597,1
4137,0,0,1,1,4,1,0,0,2,2,2,2,2,2,0,1,3,335,1956,0
4138,0,0,0,0,1,1,0,2,0,0,1,0,1,0,0,1,0,1308,6210,1
4145,0,0,0,0,5,1,0,1,1,1,0,1,0,1,0,0,2,978,6183,0
4156,1,0,0,0,1,1,0,0,2,2,2,2,2,2,0,1,1,328,1489,0
4157,1,0,0,0,3,1,0,1,0,0,0,0,0,0,0,0,3,613,4171,0
4169,0,0,0,0,7,1,0,2,0,1,1,0,1,1,0,1,0,24,842,1
4172,0,0,0,0,1,1,0,0,2,2,2,2,2,2,0,0,1,323,1484,0
4173,0,0,0,0,4,1,1,2,0,0,0,0,0,1,0,1,0,1330,127,0
4176,1,0,1,1,10,1,0,0,2,2,2,2,2,2,1,0,2,329,2964,0
4179,1,1,0,0,4,1,1,2,0,0,0,0,0,0,0,1,3,1078,6123,0
4183,1,0,0,1,1,0,2,1,0,1,0,1,0,0,0,0,1,474,2862,0
4185,0,0,0,0,1,1,0,0,2,2,2,2,2,2,0,0,0,347,1620,0
4190,0,0,1,0,3,1,1,2,1,0,0,1,1,0,0,1,3,1516,409,1
4193,1,0,0,0,2,1,0,0,2,2,2,2,2,2,0,0,3,328,1706,0
4202,1,0,1,0,2,1,0,0,2,2,2,2,2,2,1,0,2,325,1469,0
4212,0,0,0,0,1,1,0,2,0,0,0,0,1,1,0,0,0,1409,6325,1
4217,1,1,1,0,6,1,1,2,0,0,0,0,0,0,0,1,0,1113,31,0
4221,1,0,0,0,1,1,0,0,2,2,2,2,2,2,0,0,3,319,1481,0
4228,1,0,1,1,1,1,0,2,0,0,0,0,0,0,0,1,0,989,5379,1
4230,1,0,0,0,3,1,0,2,1,0,0,0,0,0,0,1,0,1081,5982,1
4232,0,0,0,0,1,1,0,2,0,0,0,0,0,0,0,1,1,1018,5455,1
4234,0,0,0,0,8,1,0,0,2,2,2,2,2,2,1,0,1,314,2835,0
4236,0,0,0,0,1,1,0,0,2,2,2,2,2,2,0,0,3,332,1493,0
4242,0,0,0,0,1,1,0,0,2,2,2,2,2,2,0,0,1,328,1489,0
4249,0,0,1,1,2,1,0,1,0,1,1,0,0,1,1,1,1,950,5267,0
4252,0,0,0,0,11,1,1,1,0,0,1,0,0,0,0,1,1,785,71,0
4255,1,0,1,0,5,1,1,1,0,0,1,0,1,1,1,1,1,1117,6508,1
4269,1,0,1,0,9,1,1,2,1,1,1,0,0,0,0,0,3,1401,840,1
4275,0,0,0,0,1,1,1,0,2,2,2,2,2,2,0,1,1,411,2157,0
4290,0,0,1,1,1,0,2,1,0,0,0,1,1,0,0,0,0,548,3413,1
4293,0,0,0,0,6,1,0,2,0,0,0,0,1,1,0,1,1,1393,245,1
4294,0,0,0,0,4,1,0,2,1,0,0,0,1,0,1,1,3,1302,6498,0
4298,1,0,0,0,2,1,0,1,0,0,0,0,0,0,0,0,1,629,4172,0
4315,0,0,0,0,1,1,0,2,0,0,0,0,1,0,0,0,0,1195,5969,1
4321,0,1,0,0,6,1,1,2,0,0,1,0,0,0,0,1,2,1211,111,0
4325,1,0,0,0,1,1,0,0,2,2,2,2,2,2,0,0,3,348,1621,0
4326,1,0,0,0,1,1,0,2,0,0,0,0,1,1,0,1,0,1379,6296,1
4328,0,0,1,0,7,1,1,1,0,0,0,0,0,0,0,1,0,702,5577,0
4329,0,0,1,1,9,1,1,2,1,0,1,0,1,0,0,0,0,1480,1064,1
4330,1,0,0,0,11,1,0,2,0,1,1,0,0,0,0,1,0,1169,885,1
4334,0,0,0,0,3,1,0,2,1,0,0,0,0,0,0,0,0,1139,6167,0
4335,0,1,0,0,10,1,0,2,0,0,1,0,0,1,0,1,0,1298,823,0
4348,0,0,0,0,1,1,0,0,2,2,2,2,2,2,0,1,1,315,1477,1
4349,1,1,1,0,1,1,1,2,1,0,0,0,0,0,0,1,0,1210,6018,1
4353,0,0,0,0,1,1,0,2,0,0,1,0,0,0,0,1,0,1109,5724,1
4357,0,0,1,0,7,1,0,0,2,2,2,2,2,2,0,0,3,342,2868,0
4358,1,0,1,1,5,1,0,1,0,0,0,0,1,1,1,1,0,927,6279,0
4371,1,0,1,1,5,1,1,0,2,2,2,2,2,2,1,0,2,386,2970,0
4372,1,0,1,1,1,1,0,0,2,2,2,2,2,2,0,1,2,336,1609,0
4380,0,0,1,1,0,1,0,0,2,2,2,2,2,2,2,0,1,333,0,0
4387,1,0,0,1,1,1,0,0,2,2,2,2,2,2,0,1,1,338,1611,0
4388,0,0,0,0,9,1,0,0,2,2,2,2,2,2,2,0,1,321,3098,0
4392,1,0,1,1,1,1,0,0,2,2,2,2,2,2,0,0,1,317,1479,0
4394,1,0,0,0,11,1,1,1,0,0,1,1,0,0,0,0,0,838,275,0
4396,1,1,0,0,1,0,2,1,0,0,0,0,0,0,0,1,0,398,2149,1
4410,0,0,1,0,8,1,0,2,0,1,0,0,1,1,0,1,2,1485,853,0
4413,0,1,0,0,9,1,0,2,0,1,1,0,1,0,0,1,0,1380,894,1
4416,0,0,1,0,9,1,1,1,0,1,0,0,1,1,0,1,2,1119,587,0
4417,1,0,0,1,1,1,0,2,0,0,0,0,0,0,0,1,1,1028,5510,1
4424,1,0,0,1,1,0,2,1,0,0,0,0,0,0,0,0,0,391,2043,1
4425,1,0,1,1,6,1,1,1,1,1,0,0,0,1,0,0,1,1003,6431,0
4426,0,0,0,1,8,1,1,2,0,0,0,1,0,0,1,1,3,1194,483,0
4428,1,0,1,1,11,1,1,2,0,0,1,1,1,1,0,0,0,61,1642,1
4431,0,0,0,0,10,1,0,2,0,0,0,0,0,0,0,1,0,1015,408,0
4434,0,0,1,0,8,1,1,2,1,1,1,0,0,0,0,0,0,1411,676,0
4435,1,0,1,0,9,1,1,2,0,1,0,0,0,0,0,1,2,1214,611,0
4436,0,0,0,1,11,1,0,1,1,1,1,0,0,0,0,1,0,859,542,0
4443,0,0,0,0,1,1,0,1,0,0,0,0,0,0,0,0,1,604,3747,0
4450,1,0,0,0,7,1,1,1,0,1,0,1,0,0,0,1,3,821,6416,1
4453,1,0,1,0,2,1,1,2,0,0,1,0,1,1,0,1,0,1556,77,1
4455,0,0,0,0,1,1,0,1,0,0,1,0,0,0,0,1,1,689,4228,1
4459,0,0,0,0,1,1,1,2,0,1,0,0,1,1,0,1,3,5,2,1
4460,1,0,1,0,10,1,0,2,0,0,1,1,0,0,0,0,0,1168,862,0
4462,0,0,0,0,8,1,1,2,0,0,1,0,0,1,0,1,0,1366,775,1
4463,1,0,0,0,1,1,0,2,0,0,0,0,0,0,0,1,0,1016,5453,1
4464,1,0,0,0,4,1,0,2,1,0,1,0,0,0,0,0,2,1238,6237,1
4468,0,0,0,0,7,1,1,0,2,2,2,2,2,2,0,1,3,404,3407,1
4476,0,0,0,0,1,1,0,0,2,2,2,2,2,2,0,0,1,351,1624,1
4477,1,0,1,1,11,1,0,1,1,0,0,0,0,0,1,1,2,659,6456,0
4480,0,0,1,0,1,1,0,2,0,0,0,0,0,0,0,1,1,1007,5445,1
4484,1,0,0,0,1,1,0,2,0,0,0,0,0,0,0,1,0,1026,5508,0
4491,1,0,0,0,1,1,0,0,2,2,2,2,2,2,0,1,3,328,1489,0
4493,0,0,0,1,10,1,1,0,2,2,2,2,2,2,2,0,3,402,3869,0
4495,0,0,0,0,1,1,0,2,0,0,0,0,0,0,0,1,0,1021,5503,1
4498,0,0,1,1,3,1,0,0,2,2,2,2,2,2,1,1,1,333,1564,0
4499,0,0,0,1,4,1,1,2,1,0,0,0,0,0,0,1,0,1170,6342,1
4503,0,0,0,0,9,1,1,2,1,1,0,0,1,0,0,1,0,1480,1082,1
4509,0,0,0,0,1,1,0,2,0,1,0,0,1,0,0,0,0,1285,6172,1
4511,1,0,0,1,9,1,0,1,0,1,1,1,1,1,1,0,0,1221,828,0
4515,0,0,0,0,7,1,0,2,0,1,0,0,1,0,0,1,2,1263,254,0
4517,0,1,1,0,3,1,1,2,0,0,1,0,1,1,0,1,0,1576,256,1
4520,1,0,1,1,1,1,0,0,2,2,2,2,2,2,0,0,2,332,1493,1
4523,1,1,1,0,2,1,0,2,1,0,0,0,0,0,0,0,0,1117,5626,0
4526,1,0,0,0,5,1,0,2,1,0,0,0,0,0,0,1,3,1086,6458,0
4532,0,0,0,0,7,1,1,2,0,1,0,0,0,0,0,1,0,1199,217,1
4534,1,0,0,0,1,1,0,1,0,0,0,1,0,0,0,0,3,660,4136,0
4536,1,0,0,0,1,1,0,2,0,0,0,0,0,0,0,1,0,1006,5444,1
4537,1,0,1,0,9,0,2,1,0,1,0,0,1,1,0,1,1,676,6162,0
4540,1,0,0,0,1,1,0,0,2,2,2,2,2,2,0,0,2,352,1625,0
4541,0,1,0,0,1,1,1,1,0,0,0,0,0,0,0,0,1,691,4230,1
4544,1,0,1,0,1,1,0,2,0,0,0,0,1,0,0,1,0,1215,6021,1
4545,0,0,0,0,1,1,0,1,0,0,0,0,0,0,0,0,2,592,3737,0
4546,0,0,1,1,4,1,1,2,0,1,1,0,0,0,0,1,0,1289,6359,1
4549,0,0,0,1,9,1,1,2,0,1,1,1,0,0,0,1,3,1449,997,0
4555,1,0,1,1,11,1,0,0,2,2,2,2,2,2,2,0,1,337,3308,0
4563,0,0,0,0,2,1,1,2,0,1,0,0,0,0,0,1,2,1205,6135,1
4564,1,0,0,0,1,1,0,0,2,2,2,2,2,2,0,0,1,333,1606,1
4576,1,0,1,1,8,1,0,0,2,2,2,2,2,2,0,0,0,328,2720,0
4578,0,0,0,0,2,1,0,1,0,0,0,1,0,1,0,1,1,866,5082,0
4585,0,1,0,0,1,1,1,2,0,0,0,0,0,1,0,1,0,1300,6207,1
4589,0,0,1,1,2,1,0,0,2,2,2,2,2,2,2,0,1,336,1829,0
4591,0,0,0,0,2,1,0,0,2,2,2,2,2,2,0,1,0,357,1855,0
4593,0,0,0,0,3,1,0,0,2,2,2,2,2,2,0,0,2,339,2108,0
4596,1,0,0,0,10,1,1,2,0,0,1,0,1,0,1,1,3,1389,1106,0
4598,1,0,0,0,10,1,1,1,1,0,0,0,0,0,0,0,1,788,6480,0
4606,0,0,1,1,3,1,1,0,2,2,2,2,2,2,2,0,1,396,2596,0
4607,1,0,0,1,1,1,0,1,0,0,0,1,0,1,0,1,1,838,4844,0
4628,0,0,1,0,4,1,0,1,1,0,0,1,0,0,0,0,2,747,5457,0
4629,0,0,0,0,5,1,0,0,2,2,2,2,2,2,0,1,1,319,2416,0
4632,0,0,1,1,1,1,0,0,2,2,2,2,2,2,0,0,1,322,1483,1
4640,1,0,1,1,1,1,0,2,0,0,0,0,0,0,0,1,0,1019,5501,1
4641,0,0,0,0,1,0,2,1,0,0,0,0,0,0,0,0,1,384,2039,0
4644,1,0,0,0,5,1,0,1,0,0,0,1,0,0,0,1,1,691,4987,0
4646,0,0,0,0,1,1,0,2,0,0,0,0,0,0,0,1,1,1033,5515,0
4651,0,0,0,0,7,1,0,2,1,0,0,0,1,0,0,0,0,1323,497,1
4672,1,0,0,1,5,1,0,1,0,0,0,0,0,0,0,0,1,589,5258,0
4676,1,0,0,1,11,1,0,0,2,2,2,2,2,2,0,1,0,333,3234,0
4677,1,0,1,0,2,1,0,2,0,1,0,1,1,1,0,1,0,1582,6516,1
4680,1,1,0,0,10,1,1,1,1,1,0,0,0,0,0,1,3,817,6475,0
4692,0,0,1,1,8,1,0,2,1,0,1,0,1,1,0,0,2,14,946,0
4694,1,0,1,1,5,1,0,0,2,2,2,2,2,2,0,1,1,330,2178,0
4704,1,0,0,0,1,1,1,1,1,1,0,0,0,0,0,0,0,870,4982,0
4706,0,0,0,0,1,1,0,1,0,0,0,0,0,0,0,1,1,598,3742,1
4721,1,0,0,0,1,1,0,0,2,2,2,2,2,2,0,0,1,338,1611,1
4723,1,0,0,0,1,1,0,2,0,1,0,0,0,0,0,1,0,1098,5718,1
4725,1,0,0,0,1,1,1,1,0,0,1,1,0,0,0,0,1,885,5040,1
4731,1,0,1,1,11,1,0,0,2,2,2,2,2,2,1,0,1,331,3093,0
4733,1,0,1,0,4,1,0,2,1,1,1,0,0,0,0,1,0,1291,6464,0
4739,0,0,0,0,3,1,1,2,1,0,0,0,0,0,0,1,2,1184,6388,0
4741,0,1,1,0,7,1,0,2,0,1,0,0,1,1,0,1,0,1485,518,0
4751,1,0,0,0,3,1,1,0,2,2,2,2,2,2,0,0,3,363,2102,1
4757,1,0,0,0,1,1,1,1,0,1,0,1,0,0,0,0,1,849,4911,1
4759,1,0,0,0,1,1,0,2,0,0,0,0,1,0,0,1,0,1183,5914,1
4767,1,0,1,1,1,1,0,0,2,2,2,2,2,2,1,0,3,330,1491,0
4779,0,0,1,0,11,1,0,2,0,0,1,0,1,1,0,1,0,1527,1262,0
4784,0,0,0,0,1,1,0,0,2,2,2,2,2,2,0,1,1,324,1485,0
4785,1,0,0,0,10,1,1,2,0,1,0,0,0,0,0,1,0,1217,838,1
4789,0,0,0,0,1,1,0,2,0,0,0,0,0,0,0,0,1,1041,5565,1
4799,0,0,1,1,2,1,0,0,2,2,2,2,2,2,0,1,2,329,1566,0
4800,1,1,0,0,1,1,1,2,0,0,0,0,1,1,0,1,0,1472,6418,1
4809,0,0,1,0,1,1,0,0,2,2,2,2,2,2,0,1,2,339,1612,0
4810,0,1,0,0,7,1,1,2,0,1,0,0,0,1,0,0,0,1394,787,1
4817,0,0,0,0,1,1,0,0,2,2,2,2,2,2,0,0,1,331,1492,0
4823,1,0,0,0,1,1,0,1,1,0,0,1,0,0,0,1,0,742,4434,1
4827,0,0,0,1,8,1,0,2,0,0,0,0,1,0,0,1,0,1224,573,1
4829,0,0,0,0,4,1,0,1,0,0,0,0,0,0,0,1,2,609,4392,0
4831,0,0,0,0,10,0,2,1,1,1,0,1,0,0,1,1,1,550,5579,0
4837,0,0,1,1,1,1,0,2,0,0,0,0,0,0,0,1,0,1015,5452,1
4854,1,0,1,1,10,0,2,1,0,1,1,0,1,0,1,0,3,636,6071,0
4860,1,0,1,1,5,0,2,1,1,1,0,1,0,0,2,0,1,556,4847,0
4866,0,0,0,0,8,1,1,1,0,0,0,0,0,1,0,1,2,897,128,0
4869,1,0,0,0,8,1,1,2,0,1,0,0,0,0,0,1,1,1215,452,0
4876,1,0,0,0,2,1,0,2,1,1,1,0,1,1,0,1,0,82,163,1
4897,1,0,1,1,7,0,2,1,1,0,0,0,0,0,0,1,2,452,3970,0
4901,0,0,0,0,1,1,0,2,0,1,0,0,0,0,0,1,0,1105,5723,1
4913,1,0,0,1,6,1,0,1,1,1,1,1,0,1,2,0,2,1133,105,0
4917,0,0,0,0,7,1,0,0,2,2,2,2,2,2,0,0,1,325,2586,0
4924,0,0,0,0,1,0,2,1,0,0,0,0,1,0,0,1,0,508,3034,1
4930,0,0,0,0,1,1,0,1,0,0,0,0,0,0,0,1,3,600,3743,0
4931,1,0,1,0,7,1,1,2,0,0,1,1,1,1,0,1,0,64,971,0
4938,1,0,1,1,9,1,0,2,1,0,1,0,1,0,0,1,0,1385,969,1
4939,1,0,0,0,1,1,0,0,2,2,2,2,2,2,0,0,1,311,1344,0
4940,1,1,0,0,8,1,1,2,0,0,0,0,0,0,0,1,2,1100,477,0
4944,1,0,1,1,2,1,1,0,2,2,2,2,2,2,0,1,1,384,2184,0
4954,1,0,0,1,1,1,0,2,0,0,0,0,1,1,0,1,0,1414,6327,1
4955,1,0,0,0,1,1,0,2,0,0,0,0,0,0,0,0,1,1007,5445,1
4957,1,0,0,0,5,1,0,0,2,2,2,2,2,2,0,1,0,341,2167,0
4959,0,0,1,1,1,1,0,0,2,2,2,2,2,2,0,1,3,336,1609,1
4961,1,0,1,0,10,1,0,1,0,0,0,0,0,0,0,1,2,596,5859,0
4962,0,0,1,1,9,1,0,1,1,1,0,0,1,1,0,0,1,1102,395,0
4966,1,0,1,1,11,1,1,1,0,0,0,0,0,0,0,0,3,682,6348,0
4971,0,0,0,0,10,1,0,0,2,2,2,2,2,2,0,1,1,324,3330,0
4973,1,1,1,0,5,1,1,2,1,1,0,0,0,1,0,0,3,1468,476,0
4978,0,0,0,0,1,1,0,1,0,0,0,0,0,0,0,1,0,591,3736,1
4981,1,0,0,0,6,0,2,1,0,0,1,0,1,1,0,1,0,695,5587,1
4986,0,0,0,0,4,1,1,2,0,0,0,1,0,0,0,1,3,1195,6462,0
4994,0,0,0,0,10,1,0,2,1,0,0,0,1,1,0,1,0,1513,1256,1
4999,0,0,1,1,8,1,0,0,2,2,2,2,2,2,2,0,1,327,2608,0
5001,1,0,0,0,11,1,0,1,0,0,1,1,0,0,0,1,3,763,90,1
5003,1,0,1,1,3,1,1,2,0,0,0,0,0,0,0,1,0,1098,6156,1
5006,0,0,0,0,7,1,1,1,1,0,0,0,0,0,0,1,1,777,6320,1
5012,0,0,0,0,4,1,0,0,2,2,2,2,2,2,0,0,1,335,1863,0
5019,1,1,0,0,6,1,1,2,0,0,0,0,1,1,0,1,0,1504,502,0
5023,0,0,0,0,1,1,0,2,0,0,0,0,0,0,0,1,0,1025,5507,1
5027,1,1,1,0,2,1,1,2,0,0,0,0,0,1,0,0,0,1310,6216,1
5032,0,0,0,0,4,1,1,2,0,1,0,0,0,1,0,1,0,1380,109,0
5033,0,0,0,0,1,1,0,0,2,2,2,2,2,2,0,1,1,321,1482,0
5036,0,1,1,0,8,1,1,2,0,0,0,0,0,1,0,1,3,1306,677,1
5038,0,0,0,0,2,1,0,0,2,2,2,2,2,2,1,1,1,319,1412,0
5042,1,0,1,1,11,1,0,0,2,2,2,2,2,2,1,0,1,329,2980,0
5043,1,1,0,0,11,1,1,2,1,0,0,0,1,0,0,1,0,1409,1145,1
5046,0,0,0,0,1,1,0,1,0,0,0,0,0,0,0,0,1,612,3813,0
5049,0,0,0,0,1,1,0,0,2,2,2,2,2,2,0,1,2,337,1610,1
5052,1,0,0,1,10,1,0,1,0,0,0,0,0,0,0,1,3,622,5757,0
5053,0,0,1,1,8,1,1,2,0,1,0,0,0,0,0,1,3,1203,491,0
5060,0,0,0,0,10,0,2,1,0,0,1,1,0,0,0,1,0,497,4961,0
5071,1,0,1,0,1,1,0,2,0,0,1,0,0,0,0,0,3,1118,5770,0
5079,1,0,0,0,7,1,1,2,0,1,0,1,0,1,0,0,0,1506,836,0
5099,0,0,0,1,3,1,0,0,2,2,2,2,2,2,0,0,3,335,1843,1
5100,0,0,0,0,1,1,0,2,0,0,1,0,0,0,0,0,0,1117,5769,1
5101,1,0,0,0,9,1,1,2,1,1,1,1,1,0,0,1,2,127,1157,0
5104,0,0,1,0,10,1,0,0,2,2,2,2,2,2,2,0,1,335,3192,0
5116,1,0,0,0,1,1,0,2,0,0,0,0,0,0,0,0,0,1027,5509,1
5123,0,1,0,0,7,1,0,2,0,1,0,0,0,0,0,1,3,1117,281,1
5125,0,0,1,0,3,1,1,2,0,0,0,0,1,1,0,1,0,1472,152,1
5129,0,0,0,0,5,1,0,2,0,0,0,0,1,0,0,1,1,1242,60,0
5134,1,1,0,0,7,1,1,2,0,1,0,0,0,0,0,1,0,1208,398,1
5135,0,0,0,0,1,1,0,0,2,2,2,2,2,2,0,0,0,328,1489,0
5140,1,0,0,0,1,1,0,2,0,0,0,0,1,1,0,1,0,1382,6298,0
5146,1,0,0,1,3,1,1,2,0,0,0,0,0,1,0,0,0,1323,6312,0
5154,0,0,1,1,9,1,1,2,1,0,1,0,1,1,0,1,0,78,1263,1
5156,1,0,0,0,9,1,0,1,1,1,0,0,0,0,1,0,1,785,6433,0
5157,0,0,1,1,8,1,0,1,1,1,0,1,0,1,2,0,2,984,221,0
5160,0,0,0,0,1,1,0,2,0,1,0,0,0,0,0,0,0,1098,5718,0
5163,1,0,1,1,11,0,2,1,1,1,0,0,0,0,0,1,1,492,4986,0
5165,1,1,0,0,1,1,0,2,0,0,0,0,0,0,0,1,0,1012,5449,1
5169,1,0,0,1,7,1,0,1,1,0,1,0,0,1,1,0,1,929,6449,0
5170,0,0,0,0,1,1,0,0,2,2,2,2,2,2,0,0,1,326,1487,0
5171,0,0,1,0,4,1,0,1,0,0,0,0,0,0,0,0,2,627,4278,0
5182,1,0,0,0,4,1,1,0,2,2,2,2,2,2,1,0,3,395,2429,0
5186,0,1,0,0,1,0,2,1,0,0,0,0,1,0,0,1,0,516,3113,1
5189,1,0,0,0,1,1,1,1,0,1,0,0,0,0,0,0,0,749,4486,0
5208,0,0,1,1,6,1,0,1,1,1,0,1,0,0,0,0,2,836,5920,0
5213,0,1,1,0,9,1,1,2,0,0,0,0,1,1,0,1,0,1446,1078,0
5217,0,0,0,0,2,1,1,0,2,2,2,2,2,2,0,1,1,386,2347,0
5218,1,0,1,1,0,1,0,0,2,2,2,2,2,2,1,1,1,327,0,0
5219,1,0,0,0,1,1,0,0,2,2,2,2,2,2,0,0,1,345,1618,0
5226,1,0,1,1,4,1,0,0,2,2,2,2,2,2,0,1,0,356,2659,0
5231,1,1,1,0,8,1,1,2,0,0,1,0,1,1,0,1,0,1561,1038,1
5243,1,0,0,0,11,1,0,2,0,0,0,1,0,1,1,1,3,1352,1232,0
5248,0,0,1,0,4,1,0,0,2,2,2,2,2,2,2,1,0,334,2286,0
5250,1,0,0,0,4,1,1,2,0,0,0,0,1,1,0,0,0,1483,324,0
5269,1,0,0,0,2,1,0,1,0,1,0,0,1,0,0,1,1,840,5144,0
5271,1,0,0,1,5,1,0,1,0,0,0,0,1,1,0,0,3,959,6141,0
5275,1,0,0,0,3,1,1,1,0,0,1,0,0,0,0,0,0,738,4967,1
5283,0,0,0,1,11,1,0,1,0,0,0,1,0,0,0,0,1,656,6453,0
5287,1,0,0,0,1,1,0,0,2,2,2,2,2,2,0,0,3,344,1617,0
5288,0,0,0,0,1,1,0,2,0,0,0,0,1,0,0,1,0,1197,5971,1
5300,0,0,1,1,1,1,0,2,0,0,0,0,1,0,0,1,1,1205,6014,1
5302,0,0,1,1,2,1,0,1,0,1,0,1,0,1,0,1,0,942,5025,0
5304,1,1,1,0,5,1,0,2,0,0,0,0,0,0,0,0,2,1028,6203,0
5306,1,0,1,1,11,1,1,2,0,0,0,0,0,1,0,1,0,1272,860,1
5307,1,0,1,1,1,1,0,2,0,0,0,0,1,1,0,1,0,1399,6322,0
5312,1,0,0,0,1,1,0,1,0,0,0,1,0,0,0,0,1,705,4302,1
5315,1,0,0,0,1,1,0,1,0,0,0,0,0,0,0,1,0,621,3820,1
5326,1,0,1,1,7,1,0,0,2,2,2,2,2,2,0,1,0,333,2488,1
5330,1,1,1,0,2,1,0,2,0,1,1,1,1,0,0,1,1,1445,6405,1
5333,0,0,1,1,5,1,0,2,0,0,0,0,1,1,0,0,0,1364,412,1
5336,1,0,0,0,1,1,0,0,2,2,2,2,2,2,0,0,1,315,1477,0
5341,0,1,0,0,1,1,1,2,0,0,0,0,0,0,0,1,1,1100,5720,1
5351,0,0,0,0,4,1,0,2,0,0,1,0,1,1,1,0,1,1502,222,1
5354,0,0,0,1,1,1,0,2,0,0,0,0,1,1,0,1,0,1384,6300,0
5358,1,0,0,0,10,1,0,0,2,2,2,2,2,2,0,0,1,318,2874,0
5359,0,1,0,0,2,0,2,1,0,0,0,1,0,0,0,1,0,442,2514,1
5364,1,0,0,0,10,1,1,2,0,0,1,0,0,1,0,1,3,1411,1053,1
5370,1,0,1,1,8,1,1,2,0,0,1,0,1,0,0,1,2,1413,820,0
5374,0,0,0,0,2,1,1,2,0,0,0,0,0,0,0,1,0,1106,6009,1
5375,0,0,0,0,1,1,0,1,0,0,0,1,0,0,0,1,0,696,4235,1
5376,1,0,0,0,10,1,1,0,2,2,2,2,2,2,1,0,1,371,3618,0
5386,1,0,0,0,2,1,0,1,0,0,0,0,0,0,0,1,3,625,3702,0
5388,1,0,1,1,1,1,0,0,2,2,2,2,2,2,0,0,1,331,1492,1
5390,1,1,0,0,4,1,1,2,0,0,1,0,1,1,0,1,0,1574,370,1
5393,0,0,0,0,1,1,0,2,0,0,0,0,0,0,0,1,0,1031,5513,1
5411,0,1,1,0,1,0,2,1,0,0,0,0,0,0,0,1,0,392,2044,1
5413,0,0,0,0,7,1,0,2,0,0,1,0,1,1,0,1,3,1472,917,0
5415,0,0,0,0,10,1,1,1,0,0,0,0,0,0,0,1,0,686,6351,0
5417,1,0,1,1,6,1,0,1,1,1,0,0,0,1,2,1,2,875,6082,0
5418,1,1,0,0,10,1,1,2,0,1,0,0,0,0,0,1,3,1215,754,0
5423,1,0,0,0,5,1,0,2,0,0,0,0,0,1,0,1,0,1221,18,1
5430,1,0,0,0,2,1,1,1,0,0,0,0,1,1,0,1,3,1060,5991,1
5436,0,0,0,1,1,1,0,1,1,0,0,1,0,0,0,0,0,753,4488,0
5440,0,0,1,1,11,1,0,1,0,0,1,0,0,0,0,1,2,672,6472,0
5446,1,0,0,0,1,1,0,0,2,2,2,2,2,2,0,0,1,326,1487,1
5450,1,0,0,0,1,1,1,2,0,0,0,0,1,0,0,1,1,1292,6176,1
5454,0,1,1,0,1,1,0,2,0,0,0,0,0,0,0,1,0,1010,5447,1
5456,0,0,0,0,5,0,2,1,0,1,0,0,0,0,0,1,0,465,3001,1
5457,0,0,1,1,3,1,0,1,1,0,0,0,0,0,0,0,2,700,4788,0
5459,0,0,1,1,2,1,0,2,0,0,0,0,1,1,0,1,0,1374,6389,0
5463,0,0,1,1,1,1,0,1,0,0,0,0,0,0,0,1,2,596,3740,1
5466,1,0,0,1,2,1,0,0,2,2,2,2,2,2,1,1,2,332,1808,0
5474,0,0,0,0,1,1,1,2,0,0,0,0,1,0,0,1,0,1291,6175,0
5480,0,0,0,0,1,1,0,1,0,0,0,0,0,0,0,1,1,617,3818,0
5481,1,1,0,0,1,1,1,2,0,0,0,0,0,0,0,1,0,1084,5669,1
5485,1,0,0,0,1,1,0,1,1,0,0,0,0,0,0,1,1,695,4234,0
5489,0,0,0,1,3,0,2,1,0,0,0,0,0,0,0,0,0,400,2789,0
5495,1,0,0,0,3,1,0,2,0,0,0,1,0,0,0,1,0,1088,6381,1
5498,0,1,1,0,1,1,0,1,0,0,0,0,0,0,0,0,0,629,3904,1
5499,1,1,0,0,7,1,0,2,0,0,0,0,0,1,0,1,0,1192,293,1
5501,1,0,0,0,9,0,2,1,0,0,0,0,0,0,0,0,3,398,3272,0
5502,1,1,1,0,8,1,0,2,0,0,0,0,0,0,0,1,2,1054,313,1
5505,0,0,1,1,4,0,2,1,0,0,0,1,0,0,1,0,3,453,3172,0
5506,1,0,0,0,1,1,0,0,2,2,2,2,2,2,0,0,1,337,1610,0
5510,1,0,0,0,10,1,0,2,0,1,1,0,1,1,0,0,3,25,1334,0
5514,0,0,0,0,1,1,0,1,1,0,0,0,0,0,0,1,2,650,4050,0
5515,0,0,1,1,10,1,0,0,2,2,2,2,2,2,2,0,1,320,2683,0
5519,1,0,1,0,1,1,0,1,1,0,1,0,0,0,0,0,1,777,4566,0
5522,0,0,0,0,1,1,0,2,0,0,0,0,0,0,0,1,1,1022,5504,1
5538,0,0,0,0,1,1,0,2,0,0,0,0,0,1,0,1,0,1226,6057,1
5540,0,0,1,1,1,1,0,0,2,2,2,2,2,2,0,0,1,344,1617,1
5543,0,1,0,0,6,1,0,2,1,1,0,0,0,0,0,0,0,1181,86,0
5553,1,0,0,0,1,1,0,1,0,0,0,0,0,1,0,1,1,777,4566,1
5556,1,0,0,0,5,1,0,2,0,1,1,0,0,0,0,1,0,1200,6492,1
5559,0,0,0,0,5,0,2,1,0,1,0,0,0,0,0,1,0,469,3333,0
5561,1,0,0,0,1,1,0,0,2,2,2,2,2,2,0,0,0,346,1619,0
5565,0,0,1,0,10,0,2,1,0,0,1,0,1,0,0,1,0,530,5311,1
5573,0,1,0,0,1,1,0,2,0,0,0,0,0,0,0,1,0,1016,5453,1
5576,0,0,0,0,1,1,0,1,0,0,0,0,1,0,0,1,1,734,4433,1
5584,1,0,1,0,3,1,1,2,0,1,0,0,0,0,0,1,2,1214,6316,1
5585,1,0,0,0,1,1,0,0,2,2,2,2,2,2,0,1,1,319,1481,1
5588,1,0,0,0,1,1,0,1,0,0,1,0,0,0,0,1,1,673,4142,1
5592,1,0,0,0,5,1,0,0,2,2,2,2,2,2,2,0,1,328,2297,0
5603,0,0,0,0,1,1,0,1,1,0,0,0,0,0,0,1,3,652,4052,1
5604,1,0,0,0,9,1,0,2,0,0,0,0,0,0,0,1,0,1035,378,0
5605,1,0,1,1,2,1,0,1,0,0,1,0,1,0,0,0,1,851,4663,0
5606,1,0,0,1,7,1,0,1,0,0,1,1,0,0,1,0,3,767,6248,0
5608,0,0,1,1,5,1,0,1,1,0,0,1,0,0,1,0,2,746,5526,0
5615,1,0,0,0,1,1,0,0,2,2,2,2,2,2,0,1,2,337,1610,1
5618,1,0,0,0,3,1,0,0,2,2,2,2,2,2,0,0,1,340,1767,0
5626,0,0,0,0,3,1,0,1,1,0,1,0,0,1,0,0,2,913,5685,0
5628,0,0,0,0,5,1,1,2,1,1,0,0,1,0,0,1,0,1524,446,1
5629,1,1,0,0,1,1,0,0,2,2,2,2,2,2,0,0,1,334,1607,1
5634,0,0,1,1,1,1,0,0,2,2,2,2,2,2,0,1,0,331,1492,1
5636,1,0,1,0,6,0,2,1,0,0,0,0,1,1,0,0,0,635,5299,1
5638,1,0,0,0,1,1,0,0,2,2,2,2,2,2,0,0,0,332,1493,1
5640,1,0,0,0,1,1,0,2,0,0,0,0,0,1,0,0,0,1196,5970,1
5643,1,0,0,0,1,1,0,2,0,0,0,1,0,0,0,1,0,1129,5778,1
5644,1,0,1,0,1,1,0,2,0,0,1,0,0,0,0,0,0,1135,5821,1
5646,1,0,0,1,1,1,0,0,2,2,2,2,2,2,0,0,1,318,1480,1
5652,0,0,0,0,1,1,0,1,0,1,0,0,0,0,0,1,0,652,4052,0
5656,1,0,0,0,1,1,0,1,1,0,0,0,0,0,0,0,0,675,4144,0
5657,1,0,1,0,10,1,1,2,0,0,0,0,1,1,0,1,0,1487,1191,0
5662,0,0,0,0,1,1,0,2,0,0,0,0,0,0,0,1,0,1024,5506,1
5664,0,1,0,0,2,1,0,2,0,0,1,0,0,1,0,1,3,1291,6253,1
5670,0,0,1,1,9,1,1,0,2,2,2,2,2,2,0,0,1,378,3488,1
5676,1,0,1,1,1,1,0,0,2,2,2,2,2,2,0,0,0,328,1489,0
5678,0,0,0,1,1,1,0,1,1,1,0,1,0,0,0,1,0,847,4910,1
5680,0,1,1,0,1,1,0,0,2,2,2,2,2,2,0,1,1,350,1623,1
5682,0,0,1,0,1,0,2,1,0,0,0,0,0,1,0,0,0,493,3028,0
5699,1,0,0,0,7,1,0,2,0,0,1,0,1,0,0,0,0,1305,403,0
5701,0,0,1,1,7,1,0,1,0,1,1,1,1,1,0,0,2,1141,292,0
5704,0,0,1,0,11,1,1,2,0,0,0,0,1,0,0,1,0,1336,1013,0
5705,1,0,0,0,1,1,0,0,2,2,2,2,2,2,0,0,1,326,1487,0
5706,0,0,0,0,1,1,0,2,0,1,0,0,0,0,0,1,0,1125,5775,1
5708,0,1,1,1,3,1,1,2,0,0,1,0,0,0,0,1,3,1166,6249,0
5709,0,0,0,0,4,1,0,0,2,2,2,2,2,2,1,0,1,319,1920,0
5724,1,0,0,0,1,1,0,2,0,0,0,0,0,0,0,1,1,1045,5569,1
5725,0,0,1,1,10,1,1,0,2,2,2,2,2,2,2,1,3,389,3987,0
5728,0,0,0,0,5,1,1,2,0,1,1,1,0,0,0,0,0,1385,259,1
5731,0,0,0,0,2,1,0,0,2,2,2,2,2,2,0,1,1,331,1594,0
5732,1,1,0,0,11,1,0,2,1,0,0,0,0,1,0,1,0,1345,1108,0
5736,1,0,0,0,1,1,0,0,2,2,2,2,2,2,0,0,1,334,1607,0
5737,1,0,1,1,10,1,0,1,1,0,1,1,1,1,0,0,0,1264,1072,0
5738,1,0,0,0,1,1,0,0,2,2,2,2,2,2,0,0,1,345,1618,1
5741,1,0,0,0,11,1,1,2,0,1,0,0,1,1,0,1,0,1584,1534,1
5746,0,0,0,0,2,1,1,2,0,1,0,0,0,0,0,1,3,1224,6090,1
5750,0,1,1,0,5,1,0,2,0,0,0,0,0,0,0,1,0,1022,6358,1
5755,1,1,1,0,7,1,1,2,1,0,1,0,1,0,0,1,0,1521,717,0
5759,0,0,0,0,1,1,0,2,0,0,0,0,0,0,0,1,1,1022,5504,1
5760,1,1,1,0,8,1,0,2,0,0,1,1,0,1,0,1,0,1428,977,0
5771,0,0,0,0,4,1,0,0,2,2,2,2,2,2,0,0,1,341,2312,0
5778,0,0,0,0,1,1,0,0,2,2,2,2,2,2,0,0,3,339,1612,0
5782,0,1,0,0,1,1,0,2,0,0,0,0,0,0,0,1,0,1012,5449,1
5783,0,1,0,0,1,1,0,2,0,0,0,0,1,1,0,1,0,1383,6299,1
5784,0,0,1,0,10,1,0,2,1,0,0,0,0,0,0,0,0,1107,806,0
5792,0,1,0,0,7,1,0,2,1,0,1,1,0,1,0,1,1,1518,791,1
5793,1,0,0,0,6,1,1,1,0,1,0,0,0,0,0,1,3,773,5854,0
5797,1,0,1,0,11,1,1,2,1,1,0,1,0,0,0,1,3,1373,1159,0
5799,0,0,0,0,5,0,2,1,0,0,0,0,0,1,0,1,0,495,3788,1
5800,0,0,0,0,9,1,1,2,0,0,1,0,0,0,0,0,2,1205,628,0
5805,1,1,1,0,11,1,0,1,1,0,1,0,1,0,0,0,2,959,521,0
5810,0,0,1,1,9,1,1,2,0,0,0,0,0,1,0,1,0,1308,837,1
5812,1,0,1,1,1,1,0,2,0,0,0,0,0,0,0,1,0,1039,5564,1
5814,1,0,0,0,8,1,0,0,2,2,2,2,2,2,0,1,3,345,2866,0
5817,1,0,0,1,1,1,0,1,0,0,0,0,0,0,0,1,0,597,3741,1
5825,1,1,1,0,1,1,0,2,0,0,0,0,0,0,0,1,0,1025,5507,1
5826,0,0,1,0,1,1,0,2,0,0,0,0,1,0,0,1,2,1191,5966,1
5833,1,1,1,0,11,0,2,1,0,1,1,0,0,0,0,1,3,483,4763,0
5842,0,0,0,0,5,1,1,1,1,0,1,0,1,1,0,1,0,1179,6521,0
5854,0,0,0,0,7,1,1,1,0,0,0,0,0,0,0,1,1,656,5625,0
5856,0,0,0,0,3,1,0,1,0,0,0,0,0,0,0,1,1,602,3994,0
5857,0,0,1,1,9,1,1,2,0,0,1,0,1,0,0,0,0,1362,851,1
5862,0,0,0,0,9,1,0,2,0,0,0,0,0,0,0,0,2,1029,309,0
5868,0,0,0,0,1,1,0,1,0,0,0,0,0,0,0,1,1,589,3734,0
5872,0,0,0,1,1,1,0,2,0,0,0,0,0,0,0,1,0,1012,5449,1
5873,0,0,0,0,10,1,0,2,1,0,0,0,0,0,0,1,0,1119,689,0
5874,0,0,0,0,2,1,1,2,0,0,1,0,1,1,0,1,0,12,120,1
5876,0,1,0,0,1,1,0,2,0,1,0,0,0,1,0,1,0,1319,6239,1
5882,0,0,1,1,6,1,0,0,2,2,2,2,2,2,2,1,1,327,2279,0
5883,0,0,0,0,5,1,0,0,2,2,2,2,2,2,0,1,1,339,2388,0
5887,1,0,0,1,9,1,0,1,1,0,0,0,0,0,0,1,1,686,6195,0
5891,1,0,0,0,3,0,2,1,0,0,1,0,1,0,1,1,0,566,3983,1
5892,1,0,0,0,2,1,0,1,1,0,0,0,0,0,0,1,1,713,4393,0
5893,1,0,1,1,4,1,1,0,2,2,2,2,2,2,2,1,2,376,2341,0
5905,1,0,0,0,1,1,0,2,0,1,0,0,0,1,0,1,0,1299,6206,0
5906,0,1,0,0,6,1,1,2,0,1,0,0,0,0,0,1,0,1183,199,1
5907,1,0,0,0,1,1,0,1,0,0,0,0,0,0,0,1,1,595,3739,0
5908,1,0,0,0,1,1,0,0,2,2,2,2,2,2,0,0,1,337,1610,1
5931,1,1,1,0,5,1,0,2,0,1,1,0,1,1,0,1,0,1546,435,1
5935,1,1,0,0,5,1,0,1,0,1,0,0,1,0,0,1,0,845,5948,0
5939,1,0,0,0,10,0,2,1,1,0,1,0,0,0,0,0,1,474,4569,0
5943,1,0,0,0,1,1,0,2,0,0,1,0,1,0,0,1,0,1296,6179,1
5944,1,0,0,0,4,1,0,1,1,0,0,1,0,0,0,0,1,796,5231,1
5950,1,0,0,1,1,0,2,1,0,0,0,0,0,0,0,1,0,390,2042,0
5953,1,0,0,0,1,1,0,1,1,0,0,0,0,0,0,1,1,694,4233,0
5957,1,1,1,0,10,1,0,2,0,0,0,0,0,1,0,0,0,1175,776,1
5958,1,0,1,0,3,1,0,1,0,0,0,0,1,0,0,1,2,764,4968,0
5961,0,0,0,0,1,0,2,1,0,0,1,1,0,0,0,0,1,510,3036,0
5962,1,0,1,0,8,1,0,2,1,1,0,0,0,0,0,0,2,1219,586,0
5968,0,0,0,0,4,1,1,1,0,0,0,1,1,1,1,0,1,1092,6271,1
5972,0,1,0,0,7,1,1,1,0,0,0,1,0,0,0,0,3,763,5811,1
5974,1,0,1,1,2,1,0,0,2,2,2,2,2,2,0,1,3,334,1793,0
5980,0,0,0,0,9,1,0,1,1,1,0,1,1,1,1,0,3,1201,699,0
5982,1,0,0,0,7,1,0,0,2,2,2,2,2,2,1,0,1,329,2641,0
5984,1,0,1,0,6,1,1,2,0,0,0,0,0,1,0,1,0,1302,268,1
5986,1,1,0,0,3,1,0,2,0,0,0,0,0,1,0,1,3,1187,6121,0
5987,0,0,1,1,1,1,0,0,2,2,2,2,2,2,2,0,1,340,1613,0
5988,1,0,1,1,4,1,0,0,2,2,2,2,2,2,2,0,2,354,2267,0
5991,1,0,0,0,8,1,0,2,1,0,0,0,1,1,0,1,0,1477,880,1
6001,0,0,0,0,1,0,2,1,0,0,0,0,0,0,0,1,1,394,2045,0
6008,1,0,1,1,7,1,0,0,2,2,2,2,2,2,1,1,1,323,2028,0
6021,0,0,1,1,5,1,0,0,2,2,2,2,2,2,0,1,1,342,2193,0
6026,0,0,0,0,5,1,0,0,2,2,2,2,2,2,0,0,3,322,1954,0
6028,1,0,1,0,4,1,0,2,1,0,0,1,0,0,0,0,2,1221,6258,1
6031,0,1,1,1,4,0,2,1,0,0,0,1,0,0,0,1,1,436,3077,0
6040,0,0,0,0,1,1,0,2,0,0,0,0,0,0,0,0,1,1034,5516,1
6044,0,0,0,1,4,1,1,2,0,0,0,0,0,0,0,1,0,1143,6311,0
6047,1,0,1,0,5,1,1,1,1,0,0,0,0,1,0,1,0,949,6332,0
6051,1,0,0,0,8,1,0,0,2,2,2,2,2,2,0,0,1,333,2389,0
6057,1,0,0,0,11,1,0,1,0,0,0,1,1,0,0,1,3,878,185,0
6058,1,0,1,0,3,1,0,1,0,0,0,0,0,0,0,1,2,627,4367,0
6064,1,0,0,0,1,0,2,1,0,0,0,0,1,1,0,1,1,615,3816,1
6068,0,0,0,1,4,1,0,1,0,0,0,0,0,0,0,1,0,600,4055,1
6072,0,0,1,1,5,1,0,0,2,2,2,2,2,2,0,0,1,309,2165,0
6074,1,0,1,0,1,0,2,1,0,0,0,0,0,0,0,1,0,366,1940,1
6075,0,0,0,0,2,1,0,1,0,1,0,1,0,1,1,0,1,930,5410,0
6080,1,0,0,0,1,0,2,1,1,0,0,0,0,0,0,0,1,443,2504,1
6081,1,0,0,0,1,1,0,1,1,0,0,0,0,0,0,1,3,676,4145,0
6088,0,0,0,0,1,1,0,1,0,0,0,0,0,1,0,1,0,771,4563,1
6089,0,1,1,0,1,1,1,2,0,1,0,0,1,0,0,1,0,1409,6325,1
6096,0,1,0,0,1,1,0,2,0,0,0,0,0,0,0,1,0,1023,5505,0
6103,1,0,0,0,8,1,0,0,2,2,2,2,2,2,0,0,3,328,2544,0
6107,1,0,0,0,1,1,0,0,2,2,2,2,2,2,0,0,1,332,1493,0
6108,1,0,0,0,10,0,2,1,0,0,0,0,0,0,0,0,1,399,4032,0
6110,0,0,1,0,11,1,0,1,0,1,0,0,0,1,0,1,1,843,255,0
6119,0,0,0,0,6,1,0,1,0,1,0,0,0,0,1,0,3,709,5652,0
6122,0,0,0,0,9,1,0,0,2,2,2,2,2,2,1,0,1,324,2430,0
6125,1,0,1,0,5,1,1,2,0,0,1,0,1,1,0,1,3,42,650,1
6126,1,1,0,0,11,1,0,2,0,0,1,0,1,1,0,1,3,1510,1303,1
6128,0,0,1,0,6,1,0,2,0,0,0,0,0,1,0,1,0,1166,234,0
6149,0,0,0,0,1,0,2,1,0,0,0,0,0,0,1,0,1,413,2159,0
6152,0,0,0,0,8,1,0,2,0,1,1,0,0,1,0,1,3,1456,1024,1
6163,0,0,1,0,11,1,1,2,0,1,0,0,0,1,0,1,0,1379,1091,0
6168,1,0,0,0,1,1,0,2,0,0,0,0,0,1,0,1,0,1189,5965,1
6169,0,0,0,0,1,1,0,1,0,0,0,0,0,0,0,1,2,607,3749,1
6170,0,0,0,0,1,1,0,0,2,2,2,2,2,2,0,0,3,321,1482,0
6172,1,0,1,0,2,1,0,2,0,0,0,0,0,0,0,1,0,1021,5260,1
6179,0,1,0,0,3,1,1,2,0,0,0,0,1,1,0,1,2,1495,6525,1
6188,1,0,0,0,10,1,0,0,2,2,2,2,2,2,0,0,1,334,3100,0
6190,1,0,0,0,1,1,0,2,0,0,0,0,0,1,0,0,0,1214,6020,1
6192,0,1,0,0,10,1,0,2,0,1,0,0,0,0,0,1,0,1105,537,0
6193,0,0,0,1,5,1,1,2,0,1,1,0,1,1,1,1,3,77,544,0
6197,1,0,0,0,9,1,0,1,0,0,0,1,0,0,0,0,1,710,6328,1
6204,1,0,0,0,5,0,2,1,0,0,0,0,0,0,0,1,2,399,2876,0
6212,1,0,0,0,7,0,2,1,0,0,1,0,1,1,1,0,0,695,5426,0
6213,0,0,1,1,11,1,0,0,2,2,2,2,2,2,2,0,1,336,3309,0
6219,0,1,0,0,1,0,2,1,0,0,0,0,0,0,0,1,1,410,2156,1
6220,1,0,1,1,2,0,2,1,1,1,1,1,0,1,2,0,3,737,4362,0
6230,0,0,1,1,1,1,0,0,2,2,2,2,2,2,0,0,1,334,1607,0
6231,0,1,1,0,1,1,0,2,0,1,0,0,0,0,0,1,1,1139,5823,1
6237,1,0,0,0,1,1,0,2,0,0,0,0,0,0,0,0,0,1018,5455,1
6240,1,0,0,1,1,1,1,2,0,0,0,0,1,1,0,1,0,1458,6390,1
6251,0,0,1,1,1,1,0,0,2,2,2,2,2,2,0,0,0,318,1480,0
6256,0,0,0,0,1,0,2,1,0,0,0,0,0,1,0,0,1,494,3029,1
6257,0,1,0,0,1,1,0,2,0,1,0,0,0,0,0,1,0,1072,5662,1
6260,0,0,0,0,5,0,2,1,0,0,1,1,0,0,2,0,1,501,3827,0
6267,0,0,0,0,1,1,0,2,0,0,0,0,0,0,0,1,0,1021,5503,1
6276,0,0,1,1,7,1,0,0,2,2,2,2,2,2,1,0,3,340,2909,0
6294,1,0,0,0,1,1,0,0,2,2,2,2,2,2,0,0,1,327,1488,1
6317,1,0,0,0,1,1,1,2,0,1,0,0,0,0,0,1,0,1187,5963,1
6318,1,0,0,1,4,1,0,0,2,2,2,2,2,2,0,0,3,354,1992,0
6325,0,0,1,1,9,1,0,2,1,0,0,1,1,0,0,0,0,1434,1026,1
6335,0,0,0,0,6,1,0,1,0,0,0,1,1,1,0,1,0,1012,6374,0
6338,1,0,0,0,1,1,0,0,2,2,2,2,2,2,0,1,1,338,1611,0
6339,1,0,0,1,1,1,0,1,0,0,0,1,0,0,0,1,1,678,4147,1
6341,0,0,0,0,5,1,1,2,1,0,0,0,1,1,0,1,0,7,649,1
6346,1,1,1,1,1,1,0,1,0,0,0,1,0,0,0,1,3,665,4138,1
6347,1,0,1,0,7,1,0,2,0,0,0,0,0,0,0,1,2,991,207,0
6353,1,0,1,0,2,1,0,1,1,0,0,1,0,0,0,1,3,762,4691,0
6356,1,0,0,0,2,1,0,2,1,0,1,0,1,1,1,1,0,1564,125,0
6360,0,0,0,0,1,1,0,0,2,2,2,2,2,2,0,1,1,339,1612,1
6375,0,0,0,0,1,1,0,2,0,1,0,0,0,0,0,1,3,1097,5717,1
6377,1,0,0,0,1,0,2,1,0,1,0,1,0,1,0,1,1,602,3745,1
6378,1,0,1,1,5,1,0,2,1,0,0,0,0,1,0,0,0,1280,189,1
6379,1,0,0,0,2,1,1,2,0,1,0,0,0,0,0,1,2,1218,5951,1
6381,1,0,0,1,1,1,0,0,2,2,2,2,2,2,0,0,1,324,1485,0
6384,0,0,1,0,2,1,0,0,2,2,2,2,2,2,1,0,1,335,1397,0
6388,0,0,0,0,1,1,0,0,2,2,2,2,2,2,0,0,1,341,1614,1
6407,0,0,0,0,7,1,0,1,0,0,0,0,1,0,1,0,1,786,6403,0
6430,0,0,1,1,8,1,0,0,2,2,2,2,2,2,0,0,1,320,2390,0
6431,1,0,0,0,9,1,0,0,2,2,2,2,2,2,2,0,1,316,2969,0
6434,1,0,0,0,1,1,0,1,0,0,1,0,0,0,0,1,0,690,4229,1
6437,0,0,1,1,11,1,1,0,2,2,2,2,2,2,2,1,2,394,3952,0
6438,1,1,0,0,1,1,1,2,0,0,0,0,0,0,0,1,0,1099,5719,1
6441,0,0,1,1,9,1,0,1,1,0,0,1,0,0,0,1,3,770,6372,0
6449,1,0,0,0,1,1,0,0,2,2,2,2,2,2,0,0,1,324,1485,0
6452,1,0,0,0,7,1,1,2,1,0,0,0,1,0,0,1,2,1353,443,0
6457,1,0,1,1,9,0,2,1,1,0,1,0,1,0,1,0,3,598,5984,0
6466,1,0,0,0,10,1,1,2,0,0,0,0,0,0,0,0,1,1094,698,0
6467,1,0,0,0,2,1,1,2,0,0,0,0,0,0,0,0,0,1112,5941,0
6468,1,0,1,0,6,1,0,1,0,0,0,0,0,0,1,0,0,601,5164,0
6471,1,0,1,1,10,1,0,0,2,2,2,2,2,2,1,0,2,334,2986,0
6473,0,0,0,0,1,1,0,2,0,0,1,0,1,1,0,0,0,1480,6420,1
6475,0,0,0,1,11,1,1,1,1,1,0,1,1,0,0,1,1,1129,679,0
6479,0,0,0,0,1,1,0,1,0,0,0,0,1,0,0,1,3,763,4558,1
6480,0,0,0,1,5,1,0,1,0,0,1,1,0,0,0,0,1,732,5615,0
6482,1,0,0,0,1,1,1,2,0,0,1,0,1,1,0,1,0,28,21,1
6483,1,0,1,1,5,1,0,2,0,0,1,0,1,1,0,0,0,1531,603,0
6488,0,0,0,0,1,1,0,2,0,0,0,0,0,0,0,1,0,1009,5446,1
6489,1,0,0,0,1,1,0,0,2,2,2,2,2,2,0,1,1,310,1343,1
6491,0,0,0,0,1,1,0,2,0,0,0,0,0,0,0,1,0,1003,5442,1
6493,1,0,1,0,9,0,2,1,0,0,1,1,1,1,1,0,0,755,6407,0
6495,1,0,0,0,1,1,0,2,0,0,0,0,0,0,0,1,0,1012,5449,1
6498,0,0,0,0,1,1,0,2,0,1,1,0,0,0,0,1,0,1248,6100,1
6499,1,0,0,0,1,1,0,0,2,2,2,2,2,2,0,0,1,339,1612,0
6506,0,0,0,0,5,1,1,2,0,0,0,0,0,1,0,1,0,1291,223,1
6509,1,1,1,0,1,0,2,1,0,0,0,0,0,0,0,0,0,397,2148,1
6512,1,0,0,0,3,1,0,1,0,1,1,1,0,0,0,1,0,865,5427,0
6513,1,0,1,1,7,1,1,1,0,0,1,1,0,0,0,1,2,840,6259,0
6516,1,0,0,1,1,1,0,1,0,0,1,0,0,0,0,0,0,659,4054,1
6518,1,0,0,0,1,1,0,1,0,0,0,0,0,0,0,0,0,615,3816,1
6521,0,0,1,1,10,1,1,0,2,2,2,2,2,2,2,0,1,398,3641,0
6523,0,0,0,0,7,0,2,1,1,1,1,1,0,0,1,0,1,627,5469,0
6524,1,0,0,1,2,1,1,2,0,0,0,0,1,1,0,0,0,1496,6397,1
6532,0,1,0,0,10,1,0,0,2,2,2,2,2,2,1,0,2,340,3184,0
6536,1,0,0,0,1,0,2,1,0,0,0,0,0,0,0,0,1,384,2039,0
6541,0,0,0,1,11,1,0,0,2,2,2,2,2,2,2,0,1,343,3401,0
6542,1,0,0,0,7,1,1,2,0,0,0,0,0,0,0,1,1,1131,255,1
6549,0,0,0,0,1,1,0,1,0,0,0,0,0,1,0,1,0,788,4635,1
6554,0,0,0,0,1,1,0,2,0,0,0,0,0,0,0,0,0,992,5380,1
6555,1,0,0,0,10,1,0,0,2,2,2,2,2,2,1,0,1,326,3500,0
6558,1,0,0,0,8,1,0,0,2,2,2,2,2,2,0,0,2,338,2845,1
6562,0,1,1,0,6,1,1,2,0,1,0,0,1,1,0,1,0,4,663,1
6563,1,0,1,1,7,1,1,2,0,0,0,0,0,0,0,1,2,1109,204,1
6567,1,0,0,0,7,1,1,2,1,0,0,0,1,1,0,1,0,1579,1015,0
6578,0,0,0,1,2,1,1,1,1,0,1,1,0,1,1,0,3,1082,5468,0
6590,0,0,0,0,1,1,0,2,0,0,0,0,0,0,0,1,0,1036,5518,1
6594,1,0,0,0,6,1,0,0,2,2,2,2,2,2,0,1,0,334,2585,0
6599,0,0,1,0,5,1,1,2,0,1,1,0,1,0,0,0,0,1474,393,1
6603,1,0,1,0,6,1,1,1,0,0,0,1,1,0,0,1,3,961,6499,0
6607,1,0,0,1,1,0,2,1,0,0,0,0,0,0,0,1,0,402,2153,1
6609,1,0,0,0,1,1,0,0,2,2,2,2,2,2,0,1,1,335,1608,1
6612,1,0,1,1,1,1,0,2,0,0,0,0,0,0,0,1,1,1017,5454,1
6620,1,0,0,0,1,1,0,2,0,0,0,0,0,1,0,1,0,1220,6022,1
6623,1,1,0,0,1,1,1,2,0,0,0,0,0,0,0,1,0,1140,5824,1
6625,0,1,0,0,4,1,1,2,0,1,0,0,1,0,0,1,0,1423,188,1
6630,1,1,0,0,8,1,0,2,0,0,0,0,0,1,0,1,0,1179,399,0
6633,0,0,0,0,1,1,1,2,0,0,0,0,0,0,0,1,0,1101,5721,1
6634,0,0,1,1,2,1,1,2,0,1,1,0,1,1,0,1,3,40,132,1
6636,0,0,1,1,2,1,1,1,1,1,0,0,1,0,1,0,0,1025,5351,0
6641,0,0,0,0,8,1,0,1,1,0,0,0,0,0,0,1,0,683,5836,1
6660,1,0,1,0,1,1,0,2,0,0,0,0,0,0,0,1,0,1002,5441,1
6663,0,0,0,0,1,1,0,1,0,0,0,0,1,0,0,1,0,756,4489,0
6670,0,0,1,1,0,1,1,1,0,1,1,1,1,0,2,0,1,1079,0,0
6677,0,0,0,0,5,0,2,1,0,1,0,0,0,0,0,0,0,433,3091,0
6678,1,0,0,1,11,1,0,0,2,2,2,2,2,2,2,0,3,350,3950,0
6684,0,0,0,1,3,0,2,1,1,0,0,1,0,0,1,1,1,512,3440,0
6688,0,0,1,1,4,1,0,0,2,2,2,2,2,2,2,0,2,339,1876,0
6702,1,0,1,1,10,1,0,2,0,0,0,1,0,1,0,1,0,1311,1062,0
6706,0,0,0,0,1,1,0,0,2,2,2,2,2,2,0,0,1,331,1492,0
6708,0,1,0,0,6,1,1,2,0,0,0,0,0,0,0,1,0,1097,191,1
6714,1,0,0,0,5,1,1,2,0,0,0,1,1,1,0,0,0,15,575,0
6715,0,0,0,0,3,1,1,2,0,0,1,0,1,0,0,1,0,1381,6513,0
6727,0,1,1,0,5,0,2,1,0,0,0,0,1,1,0,0,0,615,4417,0
6730,1,0,1,1,7,1,0,0,2,2,2,2,2,2,1,0,1,326,2883,0
6734,1,0,0,0,4,1,0,1,0,0,0,1,0,0,0,0,2,685,4865,1
6738,1,0,0,0,1,1,0,0,2,2,2,2,2,2,0,0,1,340,1613,0
6741,0,0,0,0,4,1,0,2,0,0,1,0,1,1,0,1,0,1512,123,1
6743,1,0,0,0,2,1,1,0,2,2,2,2,2,2,0,1,0,376,1896,0
6748,0,1,0,0,1,1,0,2,0,0,1,0,0,1,0,1,0,1299,6206,1
6752,0,0,0,0,4,0,2,1,1,0,1,1,0,1,2,0,1,677,4583,0
6754,1,0,0,1,0,1,1,1,1,1,0,1,0,0,2,1,2,883,0,0
6761,1,0,0,0,1,1,0,0,2,2,2,2,2,2,0,1,1,331,1492,0
6764,0,0,0,0,1,1,0,2,0,0,0,0,0,0,0,1,0,1003,5442,1
6766,1,0,1,1,6,1,0,0,2,2,2,2,2,2,1,0,1,328,2684,0
6774,0,0,0,0,1,1,0,0,2,2,2,2,2,2,0,0,1,326,1487,0
6780,1,0,1,1,5,1,0,1,0,0,0,0,0,0,0,0,2,605,4628,0
6782,0,0,0,0,3,1,0,1,0,1,0,0,0,0,0,0,0,702,4441,0
6784,0,0,0,0,11,1,1,0,2,2,2,2,2,2,0,0,2,390,3937,0
6786,0,0,0,0,3,1,0,1,1,0,0,0,0,0,0,0,3,651,4240,1
6789,0,0,0,0,1,1,0,0,2,2,2,2,2,2,0,1,1,337,1610,1
6791,1,0,0,0,11,0,2,1,0,0,1,0,1,0,0,1,0,541,5683,1
6798,0,0,0,0,5,1,0,2,0,0,0,0,0,0,0,1,1,1022,6289,0
6800,0,0,1,0,6,1,0,2,1,1,0,1,1,1,1,0,1,113,636,1
6801,0,0,1,1,11,1,1,2,0,0,0,1,0,1,1,1,2,1384,1182,0
6810,1,0,0,0,7,0,2,1,0,0,0,1,0,0,0,1,0,443,3720,1
6811,1,0,1,0,1,0,2,1,0,0,1,0,1,1,0,1,0,687,4227,1
6816,1,0,0,0,1,1,0,2,0,0,0,0,0,0,0,1,0,1025,5507,1
6821,0,0,0,0,10,1,1,2,0,0,0,1,1,1,0,1,2,1582,1301,1
6833,0,1,0,0,10,1,1,2,0,1,0,1,1,1,0,1,3,66,1354,0
6834,0,0,0,0,7,0,2,1,0,1,0,0,0,1,2,1,1,526,4934,0
6838,1,0,0,0,5,1,1,2,0,0,0,1,1,1,0,1,1,1565,554,1
6839,0,0,0,0,3,1,1,2,0,0,1,0,1,1,0,1,0,15,247,1
6840,1,0,0,1,1,1,0,0,2,2,2,2,2,2,0,1,1,319,1481,0
6842,1,0,0,0,5,1,0,0,2,2,2,2,2,2,1,1,1,332,2225,0
6845,1,1,0,0,1,1,0,1,0,0,0,0,0,0,0,1,1,626,3825,0
6846,0,0,0,0,1,1,1,2,0,0,1,0,0,0,0,1,1,1195,5969,1
6847,0,0,1,1,10,1,0,1,0,0,0,0,1,0,0,0,1,782,165,0
6861,0,0,1,1,6,1,1,2,0,0,0,1,1,0,0,1,0,1430,552,1
6866,1,0,0,0,1,1,1,2,0,0,0,0,1,1,0,1,0,1501,6443,1
6868,1,0,0,0,5,1,0,2,0,0,0,0,1,1,0,1,0,1419,265,1
6877,0,0,0,0,1,1,0,2,0,0,0,0,0,0,0,0,2,1013,5450,1
6885,1,0,0,1,4,1,1,2,0,0,0,0,0,0,0,1,3,1086,6270,1
6896,0,0,0,0,1,1,0,1,0,0,0,0,0,0,0,0,1,588,3661,1
6899,1,0,0,0,1,1,0,1,0,0,0,0,0,0,0,1,2,611,3812,1
6909,0,0,1,0,1,1,0,1,1,1,0,0,0,0,0,1,1,734,4433,0
6924,1,0,0,0,1,1,0,2,0,0,0,0,0,0,0,1,0,1006,5444,1
6925,1,0,1,0,7,1,0,0,2,2,2,2,2,2,1,0,1,309,2545,0
6932,1,0,0,0,2,1,0,1,0,0,0,0,0,1,0,1,2,798,4259,0
6933,1,0,0,0,1,1,0,2,0,0,0,0,0,0,0,1,0,1011,5448,1
6943,0,0,1,1,1,0,2,1,1,0,0,0,0,0,0,0,2,458,2593,1
6953,0,1,0,0,5,1,1,2,0,0,0,0,0,1,0,1,0,1244,242,1
6954,1,0,0,0,7,1,0,0,2,2,2,2,2,2,0,1,1,329,2685,0
6955,0,0,0,0,4,1,0,1,0,0,0,0,0,0,0,1,0,610,4381,0
6958,0,0,1,1,5,1,0,0,2,2,2,2,2,2,2,1,2,328,2111,0
6969,1,0,0,0,1,1,0,0,2,2,2,2,2,2,0,0,1,343,1616,1
6971,0,1,1,0,10,1,1,2,0,0,0,1,1,1,0,0,2,1580,1389,1
6979,1,0,0,1,1,0,2,1,0,0,0,0,0,0,0,0,1,380,2037,0
6980,1,1,0,0,8,0,2,1,0,1,0,0,1,0,0,1,1,529,5373,1
6998,0,0,0,0,5,1,0,2,0,0,0,0,0,1,0,1,0,1214,27,0
7010,0,1,1,0,1,1,1,2,0,0,0,0,0,0,0,1,0,1100,5720,1
7016,0,0,0,0,1,1,0,1,0,1,0,0,0,0,0,0,0,679,4148,0
7018,1,0,1,1,1,1,0,2,0,0,0,0,0,0,0,1,1,1032,5514,1
7020,1,0,1,1,4,1,0,0,2,2,2,2,2,2,0,1,0,317,2024,0
7021,1,0,0,0,4,1,0,1,0,0,0,1,1,0,1,1,0,843,5651,1
7025,0,0,0,0,10,1,1,2,0,0,1,1,0,1,0,1,2,1493,1166,0
7027,1,0,0,0,5,1,0,1,0,1,0,1,1,1,0,0,1,1079,6401,0
7032,1,1,0,0,1,1,1,2,0,0,0,0,0,0,0,1,0,1126,5776,1
7035,1,0,0,0,11,1,0,2,0,0,0,0,1,0,0,1,2,1178,892,0
7036,0,0,0,0,4,0,2,1,0,1,1,1,1,1,1,0,0,860,5741,0
7040,0,0,1,1,3,0,2,1,1,0,0,0,0,0,0,1,0,441,2994,0
